"","run","profit.multiplier","risk.multiplier","vision.mode","sense.radius","failure.max","turtle.coloring.mode","failure.min","max.ticks","color.patches.by","num.investors","time.horizon","tick","wealth","failures","profit","risk"
"1",1,1,1,"""neighbors""",2,0.1,"""wealth""",0.01,25,"""exp utility""",100,1,24,127694.389144848,1.18,7718.60501683824,0.0375459397968723
"2",2,1,1,"""neighbors""",2,0.1,"""wealth""",0.01,25,"""exp utility""",100,1,24,136721.628673298,0.95,7725.17437758679,0.0363564738698575
"3",3,1,1,"""neighbors""",2,0.1,"""wealth""",0.01,25,"""exp utility""",100,1,24,141876.201170883,0.94,7665.3349351898,0.0335039310904608
"4",4,1,1,"""neighbors""",2,0.1,"""wealth""",0.01,25,"""exp utility""",100,1,24,124529.186418302,0.98,7330.74981123567,0.0341660804650657
"5",5,1,1,"""neighbors""",2,0.1,"""wealth""",0.01,25,"""exp utility""",100,1,24,143850.055917286,0.92,7770.35659329364,0.0317428007685562
"6",6,1,1,"""neighbors""",2,0.1,"""wealth""",0.01,25,"""exp utility""",100,1,24,130421.529947344,1.08,7765.03248107907,0.0364869921855569
"7",7,1,1,"""neighbors""",2,0.1,"""wealth""",0.01,25,"""exp utility""",100,1,24,134574.41852419,0.96,7434.27887431706,0.0338394523278225
"8",8,1,1,"""neighbors""",2,0.1,"""wealth""",0.01,25,"""exp utility""",100,1,24,120467.958739996,1.24,7333.15383086467,0.0383925317568224
"9",9,1,1,"""neighbors""",2,0.1,"""wealth""",0.01,25,"""exp utility""",100,1,24,134417.907241975,0.98,7939.9940289306,0.0356172251261415
"10",10,1,1,"""neighbors""",2,0.1,"""wealth""",0.01,25,"""exp utility""",100,1,24,130217.205844024,0.93,7394.49303119794,0.0358894254050067
"11",11,1,1,"""neighbors""",2,0.1,"""wealth""",0.01,25,"""exp utility""",100,1,24,134865.933850035,0.98,7621.2678241216,0.0335588099527858
"12",12,1,1,"""neighbors""",2,0.1,"""wealth""",0.01,25,"""exp utility""",100,1,24,132657.32230044,1.07,7736.9928952335,0.0351341371646283
"13",13,1,1,"""neighbors""",2,0.1,"""wealth""",0.01,25,"""exp utility""",100,1,24,130131.699486875,0.88,7433.3832089941,0.0344785861208376
"14",14,1,1,"""neighbors""",2,0.1,"""wealth""",0.01,25,"""exp utility""",100,1,24,125482.606370902,1.09,7768.80969999275,0.0355666534478125
"15",15,1,1,"""neighbors""",2,0.1,"""wealth""",0.01,25,"""exp utility""",100,1,24,138791.886958221,0.94,7624.85648971879,0.0330403859572108
"16",16,1,1,"""neighbors""",2,0.1,"""wealth""",0.01,25,"""exp utility""",100,1,24,136246.619471743,0.89,7386.84472036683,0.0312932300916077
"17",17,1,1,"""neighbors""",2,0.1,"""wealth""",0.01,25,"""exp utility""",100,1,24,134491.134511555,0.97,7583.00351124153,0.0342777755208659
"18",18,1,1,"""neighbors""",2,0.1,"""wealth""",0.01,25,"""exp utility""",100,1,24,121421.990079015,1.16,8051.53169966219,0.0346003063711039
"19",19,1,1,"""neighbors""",2,0.1,"""wealth""",0.01,25,"""exp utility""",100,1,24,120111.708564518,1.23,7504.95373513444,0.0382030612527728
"20",20,1,1,"""neighbors""",2,0.1,"""wealth""",0.01,25,"""exp utility""",100,1,24,122652.671357817,1.07,7128.90796808803,0.0344996822830981
"21",21,1,1,"""neighbors""",2,0.1,"""wealth""",0.01,25,"""exp utility""",100,2,24,136731.908535427,1.03,7480.91178593525,0.0339057192616502
"22",22,1,1,"""neighbors""",2,0.1,"""wealth""",0.01,25,"""exp utility""",100,2,24,119044.611128934,1.18,7480.3085706723,0.0405067099596207
"23",23,1,1,"""neighbors""",2,0.1,"""wealth""",0.01,25,"""exp utility""",100,2,24,124617.787979505,0.97,7444.4958922113,0.0349126174538129
"24",24,1,1,"""neighbors""",2,0.1,"""wealth""",0.01,25,"""exp utility""",100,2,24,131436.900975878,1.03,7011.55841719892,0.0335959572319178
"25",25,1,1,"""neighbors""",2,0.1,"""wealth""",0.01,25,"""exp utility""",100,2,24,107037.864570438,1.32,7287.7487388062,0.039898324931804
"26",26,1,1,"""neighbors""",2,0.1,"""wealth""",0.01,25,"""exp utility""",100,2,24,128404.495579188,1.18,7503.56114519115,0.0345099502222704
"27",27,1,1,"""neighbors""",2,0.1,"""wealth""",0.01,25,"""exp utility""",100,2,24,126780.66140199,1.02,7153.53339570036,0.0340929262286346
"28",28,1,1,"""neighbors""",2,0.1,"""wealth""",0.01,25,"""exp utility""",100,2,24,128395.283317549,1.15,7742.74488407452,0.039128459976236
"29",29,1,1,"""neighbors""",2,0.1,"""wealth""",0.01,25,"""exp utility""",100,2,24,139711.182066444,0.9,7477.41663742699,0.0354099503645261
"30",30,1,1,"""neighbors""",2,0.1,"""wealth""",0.01,25,"""exp utility""",100,2,24,133642.418914828,0.88,7661.63217880333,0.0346233834334724
"31",31,1,1,"""neighbors""",2,0.1,"""wealth""",0.01,25,"""exp utility""",100,2,24,135528.984860227,0.84,7272.5378036721,0.0316733417320947
"32",32,1,1,"""neighbors""",2,0.1,"""wealth""",0.01,25,"""exp utility""",100,2,24,135147.376842793,0.92,7515.50847035312,0.0315177961846349
"33",33,1,1,"""neighbors""",2,0.1,"""wealth""",0.01,25,"""exp utility""",100,2,24,129535.159401546,0.85,7472.79839131304,0.0325482729069875
"34",34,1,1,"""neighbors""",2,0.1,"""wealth""",0.01,25,"""exp utility""",100,2,24,135840.562832695,0.9,7476.67925703741,0.0303735219807907
"35",35,1,1,"""neighbors""",2,0.1,"""wealth""",0.01,25,"""exp utility""",100,2,24,130466.925291143,0.9,7524.85775752186,0.0338668022688102
"36",36,1,1,"""neighbors""",2,0.1,"""wealth""",0.01,25,"""exp utility""",100,2,24,136333.078756476,1,7436.53063510133,0.0358115290886837
"37",37,1,1,"""neighbors""",2,0.1,"""wealth""",0.01,25,"""exp utility""",100,2,24,126603.953614781,0.92,6959.11735082178,0.0314524021942104
"38",38,1,1,"""neighbors""",2,0.1,"""wealth""",0.01,25,"""exp utility""",100,2,24,122282.149918462,1.13,7993.29467663732,0.0367043774171598
"39",39,1,1,"""neighbors""",2,0.1,"""wealth""",0.01,25,"""exp utility""",100,2,24,122806.847550423,1.18,7580.61367191741,0.0372244404249539
"40",40,1,1,"""neighbors""",2,0.1,"""wealth""",0.01,25,"""exp utility""",100,2,24,115578.169291327,1.16,7480.74153850815,0.0408310128171875
"41",41,1,1,"""neighbors""",2,0.1,"""wealth""",0.01,25,"""exp utility""",100,3,24,122430.423641501,1.15,7791.93201459707,0.0345229237650054
"42",42,1,1,"""neighbors""",2,0.1,"""wealth""",0.01,25,"""exp utility""",100,3,24,130915.296003553,0.91,7554.48890417569,0.034014635336963
"43",43,1,1,"""neighbors""",2,0.1,"""wealth""",0.01,25,"""exp utility""",100,3,24,126165.140397389,1.05,7515.68211930613,0.0348352753312464
"44",44,1,1,"""neighbors""",2,0.1,"""wealth""",0.01,25,"""exp utility""",100,3,24,122158.641793681,1.07,7614.33758655649,0.0369758807556059
"45",45,1,1,"""neighbors""",2,0.1,"""wealth""",0.01,25,"""exp utility""",100,3,24,129988.952211169,0.95,7494.31947998716,0.0330722833035121
"46",46,1,1,"""neighbors""",2,0.1,"""wealth""",0.01,25,"""exp utility""",100,3,24,122611.386440671,0.94,7586.80918038264,0.0351035678458912
"47",47,1,1,"""neighbors""",2,0.1,"""wealth""",0.01,25,"""exp utility""",100,3,24,131232.589159016,1.04,7240.3953680297,0.0360969692008446
"48",48,1,1,"""neighbors""",2,0.1,"""wealth""",0.01,25,"""exp utility""",100,3,24,138180.12004191,0.7,7397.91412107956,0.0323503792036671
"49",49,1,1,"""neighbors""",2,0.1,"""wealth""",0.01,25,"""exp utility""",100,3,24,124989.607192837,0.99,7169.40301303496,0.0370757581259979
"50",50,1,1,"""neighbors""",2,0.1,"""wealth""",0.01,25,"""exp utility""",100,3,24,138286.553081071,0.92,7613.84830818953,0.0338679129941665
"51",51,1,1,"""neighbors""",2,0.1,"""wealth""",0.01,25,"""exp utility""",100,3,24,137695.826588979,0.9,8005.20671396692,0.0315811516067566
"52",52,1,1,"""neighbors""",2,0.1,"""wealth""",0.01,25,"""exp utility""",100,3,24,124363.602253593,0.92,7437.52480374295,0.0346408129753693
"53",53,1,1,"""neighbors""",2,0.1,"""wealth""",0.01,25,"""exp utility""",100,3,24,140413.385624291,0.88,7195.37033173721,0.0325337871333359
"54",54,1,1,"""neighbors""",2,0.1,"""wealth""",0.01,25,"""exp utility""",100,3,24,113454.841223729,1.17,7464.37081114376,0.03895040757249
"55",55,1,1,"""neighbors""",2,0.1,"""wealth""",0.01,25,"""exp utility""",100,3,24,122844.209624314,1.07,7355.13942278413,0.0339235086069256
"56",56,1,1,"""neighbors""",2,0.1,"""wealth""",0.01,25,"""exp utility""",100,3,24,122385.138975032,1.03,7290.18849476687,0.0391045835072446
"57",57,1,1,"""neighbors""",2,0.1,"""wealth""",0.01,25,"""exp utility""",100,3,24,142728.67682571,0.79,7060.26671937098,0.0320771394531301
"58",58,1,1,"""neighbors""",2,0.1,"""wealth""",0.01,25,"""exp utility""",100,3,24,126020.176183754,1.07,7488.76290910325,0.0336692070722757
"59",59,1,1,"""neighbors""",2,0.1,"""wealth""",0.01,25,"""exp utility""",100,3,24,126826.811448672,0.95,7288.53648843477,0.034983464744208
"60",60,1,1,"""neighbors""",2,0.1,"""wealth""",0.01,25,"""exp utility""",100,3,24,130479.829756961,0.81,7307.28387974637,0.0321335130272381
"61",61,1,1,"""neighbors""",2,0.1,"""wealth""",0.01,25,"""exp utility""",100,4,24,146313.667769355,0.85,7461.48220699531,0.030046631552547
"62",62,1,1,"""neighbors""",2,0.1,"""wealth""",0.01,25,"""exp utility""",100,4,24,124345.439222294,1.04,7830.12019880036,0.0348523113867273
"63",63,1,1,"""neighbors""",2,0.1,"""wealth""",0.01,25,"""exp utility""",100,4,24,132141.699442166,0.82,7413.23697123855,0.0298810563340904
"64",64,1,1,"""neighbors""",2,0.1,"""wealth""",0.01,25,"""exp utility""",100,4,24,143554.728684042,0.8,7593.47680353978,0.0335550106887674
"65",65,1,1,"""neighbors""",2,0.1,"""wealth""",0.01,25,"""exp utility""",100,4,24,118610.846962452,1.01,7149.55764379778,0.0343564764899475
"66",66,1,1,"""neighbors""",2,0.1,"""wealth""",0.01,25,"""exp utility""",100,4,24,124370.34887776,1.02,7356.8770218549,0.0355220193624271
"67",67,1,1,"""neighbors""",2,0.1,"""wealth""",0.01,25,"""exp utility""",100,4,24,129933.04732764,0.88,7240.70466750743,0.0328963013649005
"68",68,1,1,"""neighbors""",2,0.1,"""wealth""",0.01,25,"""exp utility""",100,4,24,118396.388972135,0.99,6951.5218170934,0.0331020026486038
"69",69,1,1,"""neighbors""",2,0.1,"""wealth""",0.01,25,"""exp utility""",100,4,24,136298.465555001,0.79,7213.04860250553,0.0318008533792595
"70",70,1,1,"""neighbors""",2,0.1,"""wealth""",0.01,25,"""exp utility""",100,4,24,136934.691276969,0.78,7264.55758629881,0.0324028218144002
"71",71,1,1,"""neighbors""",2,0.1,"""wealth""",0.01,25,"""exp utility""",100,4,24,133227.433770161,0.84,7602.33957270293,0.0332000946422711
"72",72,1,1,"""neighbors""",2,0.1,"""wealth""",0.01,25,"""exp utility""",100,4,24,124482.493408094,1.13,7583.1618028231,0.0352050292053722
"73",73,1,1,"""neighbors""",2,0.1,"""wealth""",0.01,25,"""exp utility""",100,4,24,124857.611306822,1.11,7409.57931096017,0.0349682284994881
"74",74,1,1,"""neighbors""",2,0.1,"""wealth""",0.01,25,"""exp utility""",100,4,24,132578.318803546,0.97,7674.01957239552,0.0352555743006449
"75",75,1,1,"""neighbors""",2,0.1,"""wealth""",0.01,25,"""exp utility""",100,4,24,131601.075700225,1,7408.17988088098,0.0323294169964228
"76",76,1,1,"""neighbors""",2,0.1,"""wealth""",0.01,25,"""exp utility""",100,4,24,134288.816621822,0.93,7337.05271201651,0.0340190753497994
"77",77,1,1,"""neighbors""",2,0.1,"""wealth""",0.01,25,"""exp utility""",100,4,24,123669.859190401,1.06,7669.8279899922,0.0358551534822886
"78",78,1,1,"""neighbors""",2,0.1,"""wealth""",0.01,25,"""exp utility""",100,4,24,132491.109681327,0.88,7237.24802306117,0.0308827383568477
"79",79,1,1,"""neighbors""",2,0.1,"""wealth""",0.01,25,"""exp utility""",100,4,24,130637.54776115,0.82,7356.2031636061,0.0298764257122969
"80",80,1,1,"""neighbors""",2,0.1,"""wealth""",0.01,25,"""exp utility""",100,4,24,125152.62163693,0.89,7608.63755479335,0.031925093872111
"81",81,1,1,"""neighbors""",2,0.1,"""wealth""",0.01,25,"""exp utility""",100,5,24,130538.549961582,0.95,7298.371391358,0.0333002020719219
"82",82,1,1,"""neighbors""",2,0.1,"""wealth""",0.01,25,"""exp utility""",100,5,24,130328.814962338,0.81,7439.82029760322,0.0317535157895448
"83",83,1,1,"""neighbors""",2,0.1,"""wealth""",0.01,25,"""exp utility""",100,5,24,122916.004412009,0.92,7507.14917245405,0.0335573962845651
"84",84,1,1,"""neighbors""",2,0.1,"""wealth""",0.01,25,"""exp utility""",100,5,24,130753.961421059,0.86,7284.91867197886,0.0300823517033954
"85",85,1,1,"""neighbors""",2,0.1,"""wealth""",0.01,25,"""exp utility""",100,5,24,127651.009303867,0.88,6925.633417998,0.0314406317872266
"86",86,1,1,"""neighbors""",2,0.1,"""wealth""",0.01,25,"""exp utility""",100,5,24,136162.566250405,0.93,7441.06521652421,0.0314037555999143
"87",87,1,1,"""neighbors""",2,0.1,"""wealth""",0.01,25,"""exp utility""",100,5,24,126774.657305775,0.91,7315.78583817737,0.0331491093610129
"88",88,1,1,"""neighbors""",2,0.1,"""wealth""",0.01,25,"""exp utility""",100,5,24,124368.248944755,0.92,7358.18753622668,0.031544138207782
"89",89,1,1,"""neighbors""",2,0.1,"""wealth""",0.01,25,"""exp utility""",100,5,24,138530.774641944,0.96,7671.4929474192,0.0318323945692511
"90",90,1,1,"""neighbors""",2,0.1,"""wealth""",0.01,25,"""exp utility""",100,5,24,131383.651984474,0.84,7328.72941692647,0.0338967635106626
"91",91,1,1,"""neighbors""",2,0.1,"""wealth""",0.01,25,"""exp utility""",100,5,24,110472.133211433,1.15,7240.17781011471,0.0372999707554518
"92",92,1,1,"""neighbors""",2,0.1,"""wealth""",0.01,25,"""exp utility""",100,5,24,133367.714370858,0.78,7059.96128732302,0.0313145443985689
"93",93,1,1,"""neighbors""",2,0.1,"""wealth""",0.01,25,"""exp utility""",100,5,24,126691.859645989,0.85,7159.9731811747,0.0308767343769142
"94",94,1,1,"""neighbors""",2,0.1,"""wealth""",0.01,25,"""exp utility""",100,5,24,135385.239847047,0.9,7676.89931413737,0.0329993518327363
"95",95,1,1,"""neighbors""",2,0.1,"""wealth""",0.01,25,"""exp utility""",100,5,24,139329.229320814,0.8,7337.04645882566,0.03065733057303
"96",96,1,1,"""neighbors""",2,0.1,"""wealth""",0.01,25,"""exp utility""",100,5,24,127913.596177521,0.98,7554.36118337653,0.0357434500766111
"97",97,1,1,"""neighbors""",2,0.1,"""wealth""",0.01,25,"""exp utility""",100,5,24,121650.614198874,1.12,7447.52629468097,0.0347731868790009
"98",98,1,1,"""neighbors""",2,0.1,"""wealth""",0.01,25,"""exp utility""",100,5,24,129410.773062179,0.96,7616.48648031218,0.0298780037303072
"99",99,1,1,"""neighbors""",2,0.1,"""wealth""",0.01,25,"""exp utility""",100,5,24,139473.035633336,0.78,7528.74054490259,0.0326440502282277
"100",100,1,1,"""neighbors""",2,0.1,"""wealth""",0.01,25,"""exp utility""",100,5,24,123488.645888485,0.91,7158.96501228636,0.0309668956033455
"101",101,1,1,"""neighbors""",2,0.1,"""wealth""",0.01,25,"""exp utility""",100,6,24,143438.774069665,0.72,7540.9938123198,0.0323370788757793
"102",102,1,1,"""neighbors""",2,0.1,"""wealth""",0.01,25,"""exp utility""",100,6,24,125042.018861643,0.9,7255.62729029421,0.0327134340505911
"103",103,1,1,"""neighbors""",2,0.1,"""wealth""",0.01,25,"""exp utility""",100,6,24,131173.302234592,0.81,7319.8991477132,0.0327449582356187
"104",104,1,1,"""neighbors""",2,0.1,"""wealth""",0.01,25,"""exp utility""",100,6,24,142079.649316599,0.69,7120.40035590322,0.0293201432775421
"105",105,1,1,"""neighbors""",2,0.1,"""wealth""",0.01,25,"""exp utility""",100,6,24,134339.514969533,0.92,7069.52084983434,0.0328828680271496
"106",106,1,1,"""neighbors""",2,0.1,"""wealth""",0.01,25,"""exp utility""",100,6,24,122501.463662325,0.82,7119.51594586317,0.0331769051592922
"107",107,1,1,"""neighbors""",2,0.1,"""wealth""",0.01,25,"""exp utility""",100,6,24,117518.381512202,1.11,7466.06822948574,0.0351874671595312
"108",108,1,1,"""neighbors""",2,0.1,"""wealth""",0.01,25,"""exp utility""",100,6,24,131967.387782083,0.87,7409.42396507157,0.0302859993839172
"109",109,1,1,"""neighbors""",2,0.1,"""wealth""",0.01,25,"""exp utility""",100,6,24,134591.351282279,0.86,7214.25999333269,0.0322693255902506
"110",110,1,1,"""neighbors""",2,0.1,"""wealth""",0.01,25,"""exp utility""",100,6,24,133145.483687008,0.85,7635.0096534422,0.0316336510074733
"111",111,1,1,"""neighbors""",2,0.1,"""wealth""",0.01,25,"""exp utility""",100,6,24,127415.743177258,0.91,7149.18149195229,0.0338512595084156
"112",112,1,1,"""neighbors""",2,0.1,"""wealth""",0.01,25,"""exp utility""",100,6,24,122408.51778404,1.01,7242.25271100531,0.033331195466214
"113",113,1,1,"""neighbors""",2,0.1,"""wealth""",0.01,25,"""exp utility""",100,6,24,131839.662967614,1.03,7692.88714349072,0.0335863288256226
"114",114,1,1,"""neighbors""",2,0.1,"""wealth""",0.01,25,"""exp utility""",100,6,24,121116.475002668,0.89,7410.51684460622,0.0327768154309701
"115",115,1,1,"""neighbors""",2,0.1,"""wealth""",0.01,25,"""exp utility""",100,6,24,125555.165110994,0.81,7239.32204271903,0.0293167818986519
"116",116,1,1,"""neighbors""",2,0.1,"""wealth""",0.01,25,"""exp utility""",100,6,24,126555.52963716,1,7420.63042833305,0.0326896327851659
"117",117,1,1,"""neighbors""",2,0.1,"""wealth""",0.01,25,"""exp utility""",100,6,24,116375.398936069,1.04,7299.4549491675,0.0367493254348214
"118",118,1,1,"""neighbors""",2,0.1,"""wealth""",0.01,25,"""exp utility""",100,6,24,110823.540792064,0.95,7493.22034703071,0.0356372284931977
"119",119,1,1,"""neighbors""",2,0.1,"""wealth""",0.01,25,"""exp utility""",100,6,24,120664.544704379,0.88,6987.41759046918,0.0292653268756978
"120",120,1,1,"""neighbors""",2,0.1,"""wealth""",0.01,25,"""exp utility""",100,6,24,137045.414642494,0.77,7325.20987623819,0.0299434322556529
"121",121,1,1,"""neighbors""",2,0.1,"""wealth""",0.01,25,"""exp utility""",100,7,24,131573.234387096,0.82,7251.15693460149,0.0306534460458152
"122",122,1,1,"""neighbors""",2,0.1,"""wealth""",0.01,25,"""exp utility""",100,7,24,132788.062923459,0.78,7188.37055447101,0.0301255005765436
"123",123,1,1,"""neighbors""",2,0.1,"""wealth""",0.01,25,"""exp utility""",100,7,24,121887.806310459,0.84,7092.83085472497,0.0300619109372041
"124",124,1,1,"""neighbors""",2,0.1,"""wealth""",0.01,25,"""exp utility""",100,7,24,124879.302267245,0.98,7146.50638637231,0.0326066141184949
"125",125,1,1,"""neighbors""",2,0.1,"""wealth""",0.01,25,"""exp utility""",100,7,24,151616.329095624,0.7,7208.97322673427,0.029720502123136
"126",126,1,1,"""neighbors""",2,0.1,"""wealth""",0.01,25,"""exp utility""",100,7,24,120708.619316563,1.02,7243.48122195916,0.032635957065817
"127",127,1,1,"""neighbors""",2,0.1,"""wealth""",0.01,25,"""exp utility""",100,7,24,126466.417333324,0.94,7442.62233792695,0.0346594749396425
"128",128,1,1,"""neighbors""",2,0.1,"""wealth""",0.01,25,"""exp utility""",100,7,24,119981.065969398,0.92,7213.82008106842,0.0304050952806228
"129",129,1,1,"""neighbors""",2,0.1,"""wealth""",0.01,25,"""exp utility""",100,7,24,126453.587053977,1.03,7105.12735810157,0.0333369060396469
"130",130,1,1,"""neighbors""",2,0.1,"""wealth""",0.01,25,"""exp utility""",100,7,24,125753.404341178,0.84,7103.48203950243,0.0315551135954427
"131",131,1,1,"""neighbors""",2,0.1,"""wealth""",0.01,25,"""exp utility""",100,7,24,132324.949011705,0.8,7407.36437392005,0.0298141833086287
"132",132,1,1,"""neighbors""",2,0.1,"""wealth""",0.01,25,"""exp utility""",100,7,24,130637.595209806,0.84,6997.60837449387,0.0318346279167291
"133",133,1,1,"""neighbors""",2,0.1,"""wealth""",0.01,25,"""exp utility""",100,7,24,137469.157125763,0.74,7081.74242509151,0.0290738193026599
"134",134,1,1,"""neighbors""",2,0.1,"""wealth""",0.01,25,"""exp utility""",100,7,24,131429.589999372,0.86,6995.85782753605,0.0325483947029561
"135",135,1,1,"""neighbors""",2,0.1,"""wealth""",0.01,25,"""exp utility""",100,7,24,122284.090090332,0.91,7350.00514768218,0.0328198000131962
"136",136,1,1,"""neighbors""",2,0.1,"""wealth""",0.01,25,"""exp utility""",100,7,24,121176.384614961,1.07,7398.32584257487,0.0312660432432367
"137",137,1,1,"""neighbors""",2,0.1,"""wealth""",0.01,25,"""exp utility""",100,7,24,137280.046096777,0.76,7373.28252833377,0.0289704224801277
"138",138,1,1,"""neighbors""",2,0.1,"""wealth""",0.01,25,"""exp utility""",100,7,24,120675.972852276,1.06,6974.04186585072,0.0310158875806891
"139",139,1,1,"""neighbors""",2,0.1,"""wealth""",0.01,25,"""exp utility""",100,7,24,127849.371922292,0.85,7225.74960571652,0.0318604106337611
"140",140,1,1,"""neighbors""",2,0.1,"""wealth""",0.01,25,"""exp utility""",100,7,24,128521.504445137,0.77,7282.04488775983,0.0302344895737182
"141",141,1,1,"""neighbors""",2,0.1,"""wealth""",0.01,25,"""exp utility""",100,8,24,123493.60597599,0.85,7167.66122066503,0.0342793287972037
"142",142,1,1,"""neighbors""",2,0.1,"""wealth""",0.01,25,"""exp utility""",100,8,24,126614.012581175,0.9,7428.36428485919,0.0314736212383697
"143",143,1,1,"""neighbors""",2,0.1,"""wealth""",0.01,25,"""exp utility""",100,8,24,125578.666172968,0.89,6804.99191843121,0.0311971389035148
"144",144,1,1,"""neighbors""",2,0.1,"""wealth""",0.01,25,"""exp utility""",100,8,24,117551.058759028,0.81,6941.33610240264,0.0336493496303475
"145",145,1,1,"""neighbors""",2,0.1,"""wealth""",0.01,25,"""exp utility""",100,8,24,131299.140131533,0.81,7136.1276037674,0.0331595632781714
"146",146,1,1,"""neighbors""",2,0.1,"""wealth""",0.01,25,"""exp utility""",100,8,24,125597.210470287,0.78,7113.69900195099,0.029891090672623
"147",147,1,1,"""neighbors""",2,0.1,"""wealth""",0.01,25,"""exp utility""",100,8,24,138878.997739418,0.76,7254.68143689038,0.0291909426106653
"148",148,1,1,"""neighbors""",2,0.1,"""wealth""",0.01,25,"""exp utility""",100,8,24,150413.500977307,0.64,7208.97695775666,0.0264431765926149
"149",149,1,1,"""neighbors""",2,0.1,"""wealth""",0.01,25,"""exp utility""",100,8,24,133170.122445072,0.86,7416.03395015942,0.0320710535521359
"150",150,1,1,"""neighbors""",2,0.1,"""wealth""",0.01,25,"""exp utility""",100,8,24,131941.526665784,0.9,7272.32828160083,0.030733934905783
"151",151,1,1,"""neighbors""",2,0.1,"""wealth""",0.01,25,"""exp utility""",100,8,24,124395.692026848,0.9,7167.32726415543,0.0278117015085349
"152",152,1,1,"""neighbors""",2,0.1,"""wealth""",0.01,25,"""exp utility""",100,8,24,143937.637027122,0.63,7261.14465134406,0.0295132998493479
"153",153,1,1,"""neighbors""",2,0.1,"""wealth""",0.01,25,"""exp utility""",100,8,24,137066.673652359,0.7,7046.40292039428,0.0307767805740713
"154",154,1,1,"""neighbors""",2,0.1,"""wealth""",0.01,25,"""exp utility""",100,8,24,127567.67158694,0.92,7145.34778513405,0.0332104189406116
"155",155,1,1,"""neighbors""",2,0.1,"""wealth""",0.01,25,"""exp utility""",100,8,24,131899.777207714,0.78,7367.59549822433,0.0349881678840904
"156",156,1,1,"""neighbors""",2,0.1,"""wealth""",0.01,25,"""exp utility""",100,8,24,130109.695441443,0.75,7276.03146503559,0.0310374115928886
"157",157,1,1,"""neighbors""",2,0.1,"""wealth""",0.01,25,"""exp utility""",100,8,24,128862.2716088,0.86,7250.99700926573,0.0299154808498197
"158",158,1,1,"""neighbors""",2,0.1,"""wealth""",0.01,25,"""exp utility""",100,8,24,131468.572918694,0.84,7078.06916915387,0.0341789987002293
"159",159,1,1,"""neighbors""",2,0.1,"""wealth""",0.01,25,"""exp utility""",100,8,24,125652.238108904,0.86,7073.47791248097,0.0315985287535655
"160",160,1,1,"""neighbors""",2,0.1,"""wealth""",0.01,25,"""exp utility""",100,8,24,113453.756393692,1.03,6817.21592626901,0.0300569911271899
"161",161,1,1,"""neighbors""",2,0.1,"""wealth""",0.01,25,"""exp utility""",100,9,24,122189.356296006,0.87,7003.91498918009,0.0324540958144312
"162",162,1,1,"""neighbors""",2,0.1,"""wealth""",0.01,25,"""exp utility""",100,9,24,133536.917900196,0.77,7336.85241256889,0.0322734779144794
"163",163,1,1,"""neighbors""",2,0.1,"""wealth""",0.01,25,"""exp utility""",100,9,24,125254.1292536,0.82,6890.84223355475,0.030367505249638
"164",164,1,1,"""neighbors""",2,0.1,"""wealth""",0.01,25,"""exp utility""",100,9,24,120714.716429878,0.92,7262.16404437708,0.0319309752740317
"165",165,1,1,"""neighbors""",2,0.1,"""wealth""",0.01,25,"""exp utility""",100,9,24,133191.038830047,0.82,7304.49400180361,0.0301266287184774
"166",166,1,1,"""neighbors""",2,0.1,"""wealth""",0.01,25,"""exp utility""",100,9,24,120913.631903293,0.78,6670.27248382492,0.0303085562091649
"167",167,1,1,"""neighbors""",2,0.1,"""wealth""",0.01,25,"""exp utility""",100,9,24,133285.079639477,0.84,7057.18108765213,0.0330549407980558
"168",168,1,1,"""neighbors""",2,0.1,"""wealth""",0.01,25,"""exp utility""",100,9,24,123589.007186509,0.83,7121.86289315689,0.0325076003904608
"169",169,1,1,"""neighbors""",2,0.1,"""wealth""",0.01,25,"""exp utility""",100,9,24,130363.556457076,0.82,7095.15424540592,0.0320488755786774
"170",170,1,1,"""neighbors""",2,0.1,"""wealth""",0.01,25,"""exp utility""",100,9,24,132104.176911595,0.81,6992.72983053773,0.0314924225001799
"171",171,1,1,"""neighbors""",2,0.1,"""wealth""",0.01,25,"""exp utility""",100,9,24,139645.731674209,0.59,7231.60160028939,0.026162120268943
"172",172,1,1,"""neighbors""",2,0.1,"""wealth""",0.01,25,"""exp utility""",100,9,24,118305.47608106,0.9,7007.50054383872,0.0310815712359819
"173",173,1,1,"""neighbors""",2,0.1,"""wealth""",0.01,25,"""exp utility""",100,9,24,129056.677063276,0.91,7209.03721113695,0.0317536322493976
"174",174,1,1,"""neighbors""",2,0.1,"""wealth""",0.01,25,"""exp utility""",100,9,24,131047.600174388,0.81,6952.51216531767,0.0326440328816113
"175",175,1,1,"""neighbors""",2,0.1,"""wealth""",0.01,25,"""exp utility""",100,9,24,121157.288354728,0.93,7102.33164365824,0.031484732123304
"176",176,1,1,"""neighbors""",2,0.1,"""wealth""",0.01,25,"""exp utility""",100,9,24,133818.770953254,0.8,6902.44282025874,0.0309164583961537
"177",177,1,1,"""neighbors""",2,0.1,"""wealth""",0.01,25,"""exp utility""",100,9,24,128440.041050302,0.81,7543.16510538123,0.0315075376191643
"178",178,1,1,"""neighbors""",2,0.1,"""wealth""",0.01,25,"""exp utility""",100,9,24,132070.507155197,0.74,7574.99081710972,0.0327487005506956
"179",179,1,1,"""neighbors""",2,0.1,"""wealth""",0.01,25,"""exp utility""",100,9,24,131119.706004851,0.92,7168.78955424559,0.0316128874697421
"180",180,1,1,"""neighbors""",2,0.1,"""wealth""",0.01,25,"""exp utility""",100,9,24,123799.737658621,0.88,7180.47283544017,0.0318691419818393
"181",181,1,1,"""neighbors""",2,0.1,"""wealth""",0.01,25,"""exp utility""",100,10,24,141862.245791052,0.65,7016.12209330446,0.028844988073452
"182",182,1,1,"""neighbors""",2,0.1,"""wealth""",0.01,25,"""exp utility""",100,10,24,134063.535022248,0.67,7293.92377360281,0.0343648622937777
"183",183,1,1,"""neighbors""",2,0.1,"""wealth""",0.01,25,"""exp utility""",100,10,24,122116.81810717,0.82,7030.45875030469,0.0314998923276461
"184",184,1,1,"""neighbors""",2,0.1,"""wealth""",0.01,25,"""exp utility""",100,10,24,139542.253954235,0.64,7021.71852400252,0.0304419679757683
"185",185,1,1,"""neighbors""",2,0.1,"""wealth""",0.01,25,"""exp utility""",100,10,24,124286.219115521,0.82,6927.14641690263,0.0289896174782161
"186",186,1,1,"""neighbors""",2,0.1,"""wealth""",0.01,25,"""exp utility""",100,10,24,128576.771573436,0.84,7225.66999664931,0.0314438513570383
"187",187,1,1,"""neighbors""",2,0.1,"""wealth""",0.01,25,"""exp utility""",100,10,24,117694.78568506,1.04,7518.72336661777,0.0302809939939371
"188",188,1,1,"""neighbors""",2,0.1,"""wealth""",0.01,25,"""exp utility""",100,10,24,118255.952219505,0.85,7155.01802133511,0.0323382887786397
"189",189,1,1,"""neighbors""",2,0.1,"""wealth""",0.01,25,"""exp utility""",100,10,24,134003.27605749,0.77,7088.20397187372,0.0315402842148573
"190",190,1,1,"""neighbors""",2,0.1,"""wealth""",0.01,25,"""exp utility""",100,10,24,118798.561487038,0.83,6723.13359880953,0.0302003437161652
"191",191,1,1,"""neighbors""",2,0.1,"""wealth""",0.01,25,"""exp utility""",100,10,24,126195.594933802,0.69,7129.66448814866,0.0297136404905665
"192",192,1,1,"""neighbors""",2,0.1,"""wealth""",0.01,25,"""exp utility""",100,10,24,127295.371718337,0.92,7123.47578045826,0.0307713504861751
"193",193,1,1,"""neighbors""",2,0.1,"""wealth""",0.01,25,"""exp utility""",100,10,24,123689.000109734,0.89,7209.57999654633,0.0330879652878824
"194",194,1,1,"""neighbors""",2,0.1,"""wealth""",0.01,25,"""exp utility""",100,10,24,130578.985023036,0.77,7071.18256433523,0.0301450339774464
"195",195,1,1,"""neighbors""",2,0.1,"""wealth""",0.01,25,"""exp utility""",100,10,24,121380.127823195,0.79,6935.86870154328,0.0287383544633663
"196",196,1,1,"""neighbors""",2,0.1,"""wealth""",0.01,25,"""exp utility""",100,10,24,122550.182855569,0.92,7171.20690402743,0.0311427049554432
"197",197,1,1,"""neighbors""",2,0.1,"""wealth""",0.01,25,"""exp utility""",100,10,24,117864.163198538,0.97,7118.80243284233,0.0308977843550783
"198",198,1,1,"""neighbors""",2,0.1,"""wealth""",0.01,25,"""exp utility""",100,10,24,122664.744362855,0.87,6979.21433824359,0.0283173469636619
"199",199,1,1,"""neighbors""",2,0.1,"""wealth""",0.01,25,"""exp utility""",100,10,24,128810.834709594,0.74,7392.79739023012,0.0306238862644303
"200",200,1,1,"""neighbors""",2,0.1,"""wealth""",0.01,25,"""exp utility""",100,10,24,130461.693812899,0.78,6964.73698216837,0.0300017023250773
"201",201,1,1,"""neighbors""",2,0.1,"""wealth""",0.01,25,"""exp utility""",100,11,24,132989.948548058,0.71,7547.98359049573,0.0281533838288107
"202",202,1,1,"""neighbors""",2,0.1,"""wealth""",0.01,25,"""exp utility""",100,11,24,128713.49115939,0.89,7134.39980291618,0.031637446595062
"203",203,1,1,"""neighbors""",2,0.1,"""wealth""",0.01,25,"""exp utility""",100,11,24,116336.664310115,0.96,6844.27263650305,0.0314124192544138
"204",204,1,1,"""neighbors""",2,0.1,"""wealth""",0.01,25,"""exp utility""",100,11,24,115839.620002129,0.93,6642.67643927309,0.0320488581158671
"205",205,1,1,"""neighbors""",2,0.1,"""wealth""",0.01,25,"""exp utility""",100,11,24,126524.492389171,0.74,7090.74206428584,0.0282783807914931
"206",206,1,1,"""neighbors""",2,0.1,"""wealth""",0.01,25,"""exp utility""",100,11,24,127140.442344939,0.84,7082.87695789881,0.0282255055763323
"207",207,1,1,"""neighbors""",2,0.1,"""wealth""",0.01,25,"""exp utility""",100,11,24,133294.523826948,0.78,7228.12957760618,0.0334482970003644
"208",208,1,1,"""neighbors""",2,0.1,"""wealth""",0.01,25,"""exp utility""",100,11,24,123337.840394989,0.76,6915.00865163394,0.0315929295511885
"209",209,1,1,"""neighbors""",2,0.1,"""wealth""",0.01,25,"""exp utility""",100,11,24,129756.818724893,0.89,7195.72414217793,0.030319747834241
"210",210,1,1,"""neighbors""",2,0.1,"""wealth""",0.01,25,"""exp utility""",100,11,24,115109.813130454,1.03,7343.88186015449,0.0294500623236699
"211",211,1,1,"""neighbors""",2,0.1,"""wealth""",0.01,25,"""exp utility""",100,11,24,119245.252552535,0.97,6869.70451820071,0.0323708472360637
"212",212,1,1,"""neighbors""",2,0.1,"""wealth""",0.01,25,"""exp utility""",100,11,24,123042.524868525,0.87,7162.06560624593,0.0314735908402643
"213",213,1,1,"""neighbors""",2,0.1,"""wealth""",0.01,25,"""exp utility""",100,11,24,115661.395869546,0.9,7161.51067174723,0.0332966294301327
"214",214,1,1,"""neighbors""",2,0.1,"""wealth""",0.01,25,"""exp utility""",100,11,24,128429.312527869,1.02,7458.7474764481,0.0284812203984863
"215",215,1,1,"""neighbors""",2,0.1,"""wealth""",0.01,25,"""exp utility""",100,11,24,133500.469829953,0.63,7013.64470033929,0.0284439272595135
"216",216,1,1,"""neighbors""",2,0.1,"""wealth""",0.01,25,"""exp utility""",100,11,24,112623.951710867,0.98,7189.7889172107,0.0327440375360675
"217",217,1,1,"""neighbors""",2,0.1,"""wealth""",0.01,25,"""exp utility""",100,11,24,117365.505087361,0.96,7176.51193868388,0.0293167592936466
"218",218,1,1,"""neighbors""",2,0.1,"""wealth""",0.01,25,"""exp utility""",100,11,24,136784.952367721,0.73,7520.80765801782,0.0310395970953836
"219",219,1,1,"""neighbors""",2,0.1,"""wealth""",0.01,25,"""exp utility""",100,11,24,123723.761187626,0.87,7445.92367013918,0.0300311169439834
"220",220,1,1,"""neighbors""",2,0.1,"""wealth""",0.01,25,"""exp utility""",100,11,24,118121.042983165,1.02,6996.59743437141,0.0309693510248869
"221",221,1,1,"""neighbors""",2,0.1,"""wealth""",0.01,25,"""exp utility""",100,12,24,124157.205644277,0.7,6991.84037788849,0.0280026158999782
"222",222,1,1,"""neighbors""",2,0.1,"""wealth""",0.01,25,"""exp utility""",100,12,24,132035.063072069,0.7,6879.82279730901,0.0306506493837151
"223",223,1,1,"""neighbors""",2,0.1,"""wealth""",0.01,25,"""exp utility""",100,12,24,128351.957954528,0.86,7202.40774040288,0.0316271763230763
"224",224,1,1,"""neighbors""",2,0.1,"""wealth""",0.01,25,"""exp utility""",100,12,24,131597.618968216,0.73,7120.98554231419,0.0296756982441645
"225",225,1,1,"""neighbors""",2,0.1,"""wealth""",0.01,25,"""exp utility""",100,12,24,115553.012442143,1.03,7333.96131134902,0.0304212035934283
"226",226,1,1,"""neighbors""",2,0.1,"""wealth""",0.01,25,"""exp utility""",100,12,24,119916.430015988,0.69,6711.00726071815,0.0302152670711729
"227",227,1,1,"""neighbors""",2,0.1,"""wealth""",0.01,25,"""exp utility""",100,12,24,124139.999022333,0.84,7136.22348147431,0.0295715241498105
"228",228,1,1,"""neighbors""",2,0.1,"""wealth""",0.01,25,"""exp utility""",100,12,24,116646.125571403,0.89,6715.75241670573,0.0290728196767784
"229",229,1,1,"""neighbors""",2,0.1,"""wealth""",0.01,25,"""exp utility""",100,12,24,110166.809795747,0.87,6750.45861088356,0.0315215803305623
"230",230,1,1,"""neighbors""",2,0.1,"""wealth""",0.01,25,"""exp utility""",100,12,24,118406.009407577,0.93,6827.62483413471,0.0318998003659474
"231",231,1,1,"""neighbors""",2,0.1,"""wealth""",0.01,25,"""exp utility""",100,12,24,128580.072278616,0.72,7065.0175565778,0.0312642431270359
"232",232,1,1,"""neighbors""",2,0.1,"""wealth""",0.01,25,"""exp utility""",100,12,24,134479.403723676,0.78,7386.84570321761,0.027346233567623
"233",233,1,1,"""neighbors""",2,0.1,"""wealth""",0.01,25,"""exp utility""",100,12,24,119784.184788883,0.74,6788.79812651384,0.0298503152664456
"234",234,1,1,"""neighbors""",2,0.1,"""wealth""",0.01,25,"""exp utility""",100,12,24,138184.228379666,0.57,7009.034396755,0.0301388298618634
"235",235,1,1,"""neighbors""",2,0.1,"""wealth""",0.01,25,"""exp utility""",100,12,24,133265.840713005,0.8,6901.474216886,0.0279092301059455
"236",236,1,1,"""neighbors""",2,0.1,"""wealth""",0.01,25,"""exp utility""",100,12,24,122672.25436248,0.93,7197.8264898886,0.0314807702312812
"237",237,1,1,"""neighbors""",2,0.1,"""wealth""",0.01,25,"""exp utility""",100,12,24,127539.659695376,0.92,7472.749259333,0.0323645845046706
"238",238,1,1,"""neighbors""",2,0.1,"""wealth""",0.01,25,"""exp utility""",100,12,24,120846.677736204,0.81,6638.8344566867,0.0309037107191878
"239",239,1,1,"""neighbors""",2,0.1,"""wealth""",0.01,25,"""exp utility""",100,12,24,117433.272161114,1.07,7167.57176442894,0.0333737138590754
"240",240,1,1,"""neighbors""",2,0.1,"""wealth""",0.01,25,"""exp utility""",100,12,24,124234.366540072,0.82,7013.4148913432,0.0309556755113127
"241",241,1,1,"""neighbors""",2,0.1,"""wealth""",0.01,25,"""exp utility""",100,13,24,133065.001219202,0.77,7165.49994026727,0.0318589659634287
"242",242,1,1,"""neighbors""",2,0.1,"""wealth""",0.01,25,"""exp utility""",100,13,24,143402.618564174,0.74,7249.88719865904,0.028656867696729
"243",243,1,1,"""neighbors""",2,0.1,"""wealth""",0.01,25,"""exp utility""",100,13,24,121467.780837939,0.94,6582.44552359006,0.0293319518854038
"244",244,1,1,"""neighbors""",2,0.1,"""wealth""",0.01,25,"""exp utility""",100,13,24,131042.54393324,0.67,6888.42860862971,0.0285977283254157
"245",245,1,1,"""neighbors""",2,0.1,"""wealth""",0.01,25,"""exp utility""",100,13,24,122774.127488386,0.77,6669.08985531541,0.02768001073516
"246",246,1,1,"""neighbors""",2,0.1,"""wealth""",0.01,25,"""exp utility""",100,13,24,144036.716606508,0.53,6987.7317778101,0.0266027569592026
"247",247,1,1,"""neighbors""",2,0.1,"""wealth""",0.01,25,"""exp utility""",100,13,24,129787.782503692,0.8,7018.43869241074,0.030748086903763
"248",248,1,1,"""neighbors""",2,0.1,"""wealth""",0.01,25,"""exp utility""",100,13,24,113158.939442846,0.88,7108.83500528454,0.0336070688386727
"249",249,1,1,"""neighbors""",2,0.1,"""wealth""",0.01,25,"""exp utility""",100,13,24,117582.292091174,0.85,7025.0903040841,0.0297537855277859
"250",250,1,1,"""neighbors""",2,0.1,"""wealth""",0.01,25,"""exp utility""",100,13,24,123428.444974837,0.9,7123.91893710914,0.0320368071113205
"251",251,1,1,"""neighbors""",2,0.1,"""wealth""",0.01,25,"""exp utility""",100,13,24,126027.932265897,0.91,7291.60142539239,0.0302003841874117
"252",252,1,1,"""neighbors""",2,0.1,"""wealth""",0.01,25,"""exp utility""",100,13,24,127924.607979078,0.74,6984.11824222605,0.0288208333661286
"253",253,1,1,"""neighbors""",2,0.1,"""wealth""",0.01,25,"""exp utility""",100,13,24,122215.827202265,0.77,6680.52596291274,0.0296351741261555
"254",254,1,1,"""neighbors""",2,0.1,"""wealth""",0.01,25,"""exp utility""",100,13,24,126064.051464241,0.89,7043.38742036042,0.0308293363706321
"255",255,1,1,"""neighbors""",2,0.1,"""wealth""",0.01,25,"""exp utility""",100,13,24,131829.904422501,0.62,6678.46031956982,0.029976518278171
"256",256,1,1,"""neighbors""",2,0.1,"""wealth""",0.01,25,"""exp utility""",100,13,24,133190.007016661,0.7,7237.31089134268,0.025864061042901
"257",257,1,1,"""neighbors""",2,0.1,"""wealth""",0.01,25,"""exp utility""",100,13,24,131212.865223015,0.71,6811.07546109863,0.0283157022683506
"258",258,1,1,"""neighbors""",2,0.1,"""wealth""",0.01,25,"""exp utility""",100,13,24,116900.349862118,0.95,7070.33846378484,0.0315086778912224
"259",259,1,1,"""neighbors""",2,0.1,"""wealth""",0.01,25,"""exp utility""",100,13,24,132716.289685259,0.71,7163.01073788883,0.030867190167987
"260",260,1,1,"""neighbors""",2,0.1,"""wealth""",0.01,25,"""exp utility""",100,13,24,133177.150125574,0.86,7139.45338442864,0.0312075786916968
"261",261,1,1,"""neighbors""",2,0.1,"""wealth""",0.01,25,"""exp utility""",100,14,24,126582.589794657,0.82,6774.01221062398,0.030287353049304
"262",262,1,1,"""neighbors""",2,0.1,"""wealth""",0.01,25,"""exp utility""",100,14,24,132632.726238034,0.73,7049.82518652698,0.0289357698690408
"263",263,1,1,"""neighbors""",2,0.1,"""wealth""",0.01,25,"""exp utility""",100,14,24,117261.381240419,0.75,6877.55492898741,0.0294778832382909
"264",264,1,1,"""neighbors""",2,0.1,"""wealth""",0.01,25,"""exp utility""",100,14,24,116816.419453944,0.86,7150.66827705958,0.0308110180435262
"265",265,1,1,"""neighbors""",2,0.1,"""wealth""",0.01,25,"""exp utility""",100,14,24,117473.097548838,0.83,6955.65600873537,0.0276225768834886
"266",266,1,1,"""neighbors""",2,0.1,"""wealth""",0.01,25,"""exp utility""",100,14,24,133866.570359016,0.72,7086.59112253381,0.0296796454829873
"267",267,1,1,"""neighbors""",2,0.1,"""wealth""",0.01,25,"""exp utility""",100,14,24,117010.948444165,0.97,7189.44256826569,0.0315478751195471
"268",268,1,1,"""neighbors""",2,0.1,"""wealth""",0.01,25,"""exp utility""",100,14,24,128672.989981742,0.65,7054.99532511419,0.0290905549021393
"269",269,1,1,"""neighbors""",2,0.1,"""wealth""",0.01,25,"""exp utility""",100,14,24,117527.342892978,0.79,6558.05781305571,0.0307109760854157
"270",270,1,1,"""neighbors""",2,0.1,"""wealth""",0.01,25,"""exp utility""",100,14,24,118413.998086109,0.89,6725.1629101657,0.0298512472700626
"271",271,1,1,"""neighbors""",2,0.1,"""wealth""",0.01,25,"""exp utility""",100,14,24,130766.155765433,0.79,7133.27870251558,0.0296948406757025
"272",272,1,1,"""neighbors""",2,0.1,"""wealth""",0.01,25,"""exp utility""",100,14,24,121745.418671673,0.78,7039.55228675812,0.0293440110582224
"273",273,1,1,"""neighbors""",2,0.1,"""wealth""",0.01,25,"""exp utility""",100,14,24,129873.615849385,0.77,6612.03902403472,0.0291557916074543
"274",274,1,1,"""neighbors""",2,0.1,"""wealth""",0.01,25,"""exp utility""",100,14,24,127836.109114082,0.85,6994.69602091552,0.0276144845518804
"275",275,1,1,"""neighbors""",2,0.1,"""wealth""",0.01,25,"""exp utility""",100,14,24,121560.399919061,0.84,6920.34624573,0.0279664869564269
"276",276,1,1,"""neighbors""",2,0.1,"""wealth""",0.01,25,"""exp utility""",100,14,24,132454.91383556,0.65,7093.59457805622,0.0293000178336374
"277",277,1,1,"""neighbors""",2,0.1,"""wealth""",0.01,25,"""exp utility""",100,14,24,129690.726318478,0.77,7361.74309799607,0.0313190612906147
"278",278,1,1,"""neighbors""",2,0.1,"""wealth""",0.01,25,"""exp utility""",100,14,24,125841.701699336,0.85,7079.96966430832,0.029773397795933
"279",279,1,1,"""neighbors""",2,0.1,"""wealth""",0.01,25,"""exp utility""",100,14,24,111038.044960712,0.95,7059.27543401628,0.0322698178706024
"280",280,1,1,"""neighbors""",2,0.1,"""wealth""",0.01,25,"""exp utility""",100,14,24,125509.624386015,0.73,7053.66494143043,0.0286938187987952
"281",281,1,1,"""neighbors""",2,0.1,"""wealth""",0.01,25,"""exp utility""",100,15,24,129813.757726935,0.6,7098.76749991986,0.0290604793184281
"282",282,1,1,"""neighbors""",2,0.1,"""wealth""",0.01,25,"""exp utility""",100,15,24,124746.475119942,0.76,6734.95618155039,0.0289028816431511
"283",283,1,1,"""neighbors""",2,0.1,"""wealth""",0.01,25,"""exp utility""",100,15,24,131797.81687986,0.71,7069.41154857853,0.0287892244047028
"284",284,1,1,"""neighbors""",2,0.1,"""wealth""",0.01,25,"""exp utility""",100,15,24,136231.735655842,0.69,7148.01439564949,0.0316011974744549
"285",285,1,1,"""neighbors""",2,0.1,"""wealth""",0.01,25,"""exp utility""",100,15,24,130531.152021656,0.69,7065.03744350376,0.0293873964372401
"286",286,1,1,"""neighbors""",2,0.1,"""wealth""",0.01,25,"""exp utility""",100,15,24,120910.922009923,0.87,6747.8625650754,0.031882122056443
"287",287,1,1,"""neighbors""",2,0.1,"""wealth""",0.01,25,"""exp utility""",100,15,24,133874.889357926,0.66,7141.46514190178,0.029386206130398
"288",288,1,1,"""neighbors""",2,0.1,"""wealth""",0.01,25,"""exp utility""",100,15,24,124403.154740206,0.91,6714.7095329452,0.0314423759343091
"289",289,1,1,"""neighbors""",2,0.1,"""wealth""",0.01,25,"""exp utility""",100,15,24,130355.978274446,0.77,7404.32616860632,0.0295036702453838
"290",290,1,1,"""neighbors""",2,0.1,"""wealth""",0.01,25,"""exp utility""",100,15,24,113545.682050658,0.89,6784.50357172868,0.0306022031940502
"291",291,1,1,"""neighbors""",2,0.1,"""wealth""",0.01,25,"""exp utility""",100,15,24,116316.884825232,0.91,7136.16778297069,0.030671178692759
"292",292,1,1,"""neighbors""",2,0.1,"""wealth""",0.01,25,"""exp utility""",100,15,24,124517.986700804,0.77,6647.73143984313,0.0272295365847685
"293",293,1,1,"""neighbors""",2,0.1,"""wealth""",0.01,25,"""exp utility""",100,15,24,131762.239259177,0.9,7182.65673990057,0.0296978137727721
"294",294,1,1,"""neighbors""",2,0.1,"""wealth""",0.01,25,"""exp utility""",100,15,24,129279.335293232,0.69,6793.30815909342,0.0300994411873484
"295",295,1,1,"""neighbors""",2,0.1,"""wealth""",0.01,25,"""exp utility""",100,15,24,122816.981607331,0.79,6792.44928125033,0.0304261879212589
"296",296,1,1,"""neighbors""",2,0.1,"""wealth""",0.01,25,"""exp utility""",100,15,24,134121.268607029,0.7,6846.8374378011,0.0292120621065036
"297",297,1,1,"""neighbors""",2,0.1,"""wealth""",0.01,25,"""exp utility""",100,15,24,121919.069951813,0.76,7069.51740179336,0.0289021464766109
"298",298,1,1,"""neighbors""",2,0.1,"""wealth""",0.01,25,"""exp utility""",100,15,24,115687.593388214,0.98,7206.11002462171,0.0334956036013343
"299",299,1,1,"""neighbors""",2,0.1,"""wealth""",0.01,25,"""exp utility""",100,15,24,120963.720487953,0.72,6728.25457973423,0.0286097182597596
"300",300,1,1,"""neighbors""",2,0.1,"""wealth""",0.01,25,"""exp utility""",100,15,24,119748.348345288,0.74,6863.57589753587,0.0296973121182304
"301",301,1,1,"""neighbors""",2,0.1,"""wealth""",0.01,25,"""exp utility""",100,16,24,124927.048195435,0.69,6803.29477119489,0.0280258371523851
"302",302,1,1,"""neighbors""",2,0.1,"""wealth""",0.01,25,"""exp utility""",100,16,24,116609.611425918,0.82,7053.51994116726,0.0299740819152767
"303",303,1,1,"""neighbors""",2,0.1,"""wealth""",0.01,25,"""exp utility""",100,16,24,118037.847740415,0.94,6913.32044890809,0.030907269154443
"304",304,1,1,"""neighbors""",2,0.1,"""wealth""",0.01,25,"""exp utility""",100,16,24,129047.457881008,0.6,6620.27048467549,0.0277681749842707
"305",305,1,1,"""neighbors""",2,0.1,"""wealth""",0.01,25,"""exp utility""",100,16,24,121872.453927015,0.67,6755.3483101959,0.0259193613528719
"306",306,1,1,"""neighbors""",2,0.1,"""wealth""",0.01,25,"""exp utility""",100,16,24,115955.578051949,0.92,6952.92471046763,0.0322716007454364
"307",307,1,1,"""neighbors""",2,0.1,"""wealth""",0.01,25,"""exp utility""",100,16,24,119970.70112681,0.8,6786.60159635745,0.0277443643506983
"308",308,1,1,"""neighbors""",2,0.1,"""wealth""",0.01,25,"""exp utility""",100,16,24,128825.234188509,0.9,7109.65984221,0.0311994451465161
"309",309,1,1,"""neighbors""",2,0.1,"""wealth""",0.01,25,"""exp utility""",100,16,24,115013.471594308,0.83,6970.76185838197,0.0307905755807665
"310",310,1,1,"""neighbors""",2,0.1,"""wealth""",0.01,25,"""exp utility""",100,16,24,128519.028638128,0.63,6793.58379922225,0.0287932160928361
"311",311,1,1,"""neighbors""",2,0.1,"""wealth""",0.01,25,"""exp utility""",100,16,24,121266.332797032,0.77,6762.18464118812,0.0316893717315507
"312",312,1,1,"""neighbors""",2,0.1,"""wealth""",0.01,25,"""exp utility""",100,16,24,115286.358354161,0.89,6828.60509107012,0.028251257774745
"313",313,1,1,"""neighbors""",2,0.1,"""wealth""",0.01,25,"""exp utility""",100,16,24,119982.823993413,0.87,7109.5864729326,0.028832313808582
"314",314,1,1,"""neighbors""",2,0.1,"""wealth""",0.01,25,"""exp utility""",100,16,24,123584.455398431,0.82,7140.90998832808,0.0301615934377626
"315",315,1,1,"""neighbors""",2,0.1,"""wealth""",0.01,25,"""exp utility""",100,16,24,116679.127787119,0.94,6883.90885009309,0.0319894433158293
"316",316,1,1,"""neighbors""",2,0.1,"""wealth""",0.01,25,"""exp utility""",100,16,24,132323.163862927,0.79,7110.2278815591,0.0287715119232367
"317",317,1,1,"""neighbors""",2,0.1,"""wealth""",0.01,25,"""exp utility""",100,16,24,119591.556812518,0.89,6821.17801882497,0.0277372312285376
"318",318,1,1,"""neighbors""",2,0.1,"""wealth""",0.01,25,"""exp utility""",100,16,24,124019.806300617,0.83,7186.89604938256,0.0308464682586494
"319",319,1,1,"""neighbors""",2,0.1,"""wealth""",0.01,25,"""exp utility""",100,16,24,129106.582126632,0.71,6575.49929406017,0.0281627346884211
"320",320,1,1,"""neighbors""",2,0.1,"""wealth""",0.01,25,"""exp utility""",100,16,24,112778.647178696,0.68,6586.48012999219,0.028724073785634
"321",321,1,1,"""neighbors""",2,0.1,"""wealth""",0.01,25,"""exp utility""",100,17,24,126093.710637471,0.75,6725.69183727541,0.0306358998123169
"322",322,1,1,"""neighbors""",2,0.1,"""wealth""",0.01,25,"""exp utility""",100,17,24,126941.829469584,0.84,7200.96789167295,0.0297390287056314
"323",323,1,1,"""neighbors""",2,0.1,"""wealth""",0.01,25,"""exp utility""",100,17,24,129663.997348813,0.78,6768.40070915445,0.0293543100814943
"324",324,1,1,"""neighbors""",2,0.1,"""wealth""",0.01,25,"""exp utility""",100,17,24,116460.924030183,0.75,6461.10486197191,0.0280486352273788
"325",325,1,1,"""neighbors""",2,0.1,"""wealth""",0.01,25,"""exp utility""",100,17,24,128466.624113259,0.73,6800.88722384608,0.0295318502516374
"326",326,1,1,"""neighbors""",2,0.1,"""wealth""",0.01,25,"""exp utility""",100,17,24,120318.786195835,0.96,7177.59594020153,0.031393673857504
"327",327,1,1,"""neighbors""",2,0.1,"""wealth""",0.01,25,"""exp utility""",100,17,24,125210.994863974,0.71,6920.58653976387,0.0277524593974887
"328",328,1,1,"""neighbors""",2,0.1,"""wealth""",0.01,25,"""exp utility""",100,17,24,132179.322550053,0.66,7009.59188898957,0.0294778580953283
"329",329,1,1,"""neighbors""",2,0.1,"""wealth""",0.01,25,"""exp utility""",100,17,24,115822.878295835,0.85,6745.31726468673,0.0295502768856333
"330",330,1,1,"""neighbors""",2,0.1,"""wealth""",0.01,25,"""exp utility""",100,17,24,103763.721059234,0.91,6335.83115365769,0.0322985741868984
"331",331,1,1,"""neighbors""",2,0.1,"""wealth""",0.01,25,"""exp utility""",100,17,24,106536.602016611,0.92,6635.5174489626,0.0285597792376393
"332",332,1,1,"""neighbors""",2,0.1,"""wealth""",0.01,25,"""exp utility""",100,17,24,110700.964074999,0.88,7032.32912983489,0.031392508907493
"333",333,1,1,"""neighbors""",2,0.1,"""wealth""",0.01,25,"""exp utility""",100,17,24,115883.519623846,0.8,6504.13590682865,0.0304563428831198
"334",334,1,1,"""neighbors""",2,0.1,"""wealth""",0.01,25,"""exp utility""",100,17,24,113201.718724174,0.92,6666.54489575426,0.0288076963559984
"335",335,1,1,"""neighbors""",2,0.1,"""wealth""",0.01,25,"""exp utility""",100,17,24,126556.378664117,0.83,7180.77071518036,0.0292160905249052
"336",336,1,1,"""neighbors""",2,0.1,"""wealth""",0.01,25,"""exp utility""",100,17,24,108443.678407936,0.78,6642.82194104722,0.0283632221999862
"337",337,1,1,"""neighbors""",2,0.1,"""wealth""",0.01,25,"""exp utility""",100,17,24,123864.976583227,0.72,6880.45750986685,0.0293929621670903
"338",338,1,1,"""neighbors""",2,0.1,"""wealth""",0.01,25,"""exp utility""",100,17,24,126592.460664209,0.62,6567.38153479319,0.0270712279203949
"339",339,1,1,"""neighbors""",2,0.1,"""wealth""",0.01,25,"""exp utility""",100,17,24,119310.073833592,0.83,6884.30773617787,0.0315525164355948
"340",340,1,1,"""neighbors""",2,0.1,"""wealth""",0.01,25,"""exp utility""",100,17,24,119028.369772188,0.9,7195.01172973766,0.033774962994937
"341",341,1,1,"""neighbors""",2,0.1,"""wealth""",0.01,25,"""exp utility""",100,18,24,119701.571956013,0.72,6525.48502992425,0.027263053348994
"342",342,1,1,"""neighbors""",2,0.1,"""wealth""",0.01,25,"""exp utility""",100,18,24,108850.806258092,0.85,6747.05565129259,0.0322955895801445
"343",343,1,1,"""neighbors""",2,0.1,"""wealth""",0.01,25,"""exp utility""",100,18,24,125623.834319177,0.79,6937.76842874369,0.0319264723117985
"344",344,1,1,"""neighbors""",2,0.1,"""wealth""",0.01,25,"""exp utility""",100,18,24,124212.932472565,0.71,6859.30054293617,0.0313259124597203
"345",345,1,1,"""neighbors""",2,0.1,"""wealth""",0.01,25,"""exp utility""",100,18,24,110508.166522059,0.84,6740.56289286008,0.0307815405434418
"346",346,1,1,"""neighbors""",2,0.1,"""wealth""",0.01,25,"""exp utility""",100,18,24,115635.563203027,0.78,6790.69433918428,0.0319324933454023
"347",347,1,1,"""neighbors""",2,0.1,"""wealth""",0.01,25,"""exp utility""",100,18,24,112147.059073699,0.83,6401.75748612446,0.0272751224369644
"348",348,1,1,"""neighbors""",2,0.1,"""wealth""",0.01,25,"""exp utility""",100,18,24,124512.026819981,0.71,6901.61427254473,0.0268703669929892
"349",349,1,1,"""neighbors""",2,0.1,"""wealth""",0.01,25,"""exp utility""",100,18,24,115449.380831764,0.81,6736.50154560253,0.0285582227367262
"350",350,1,1,"""neighbors""",2,0.1,"""wealth""",0.01,25,"""exp utility""",100,18,24,138840.932045261,0.63,6801.18607401154,0.0273364578381013
"351",351,1,1,"""neighbors""",2,0.1,"""wealth""",0.01,25,"""exp utility""",100,18,24,135801.331166886,0.49,7130.72487025373,0.026434588219451
"352",352,1,1,"""neighbors""",2,0.1,"""wealth""",0.01,25,"""exp utility""",100,18,24,121727.547892395,0.83,7115.69718805634,0.0284118554964569
"353",353,1,1,"""neighbors""",2,0.1,"""wealth""",0.01,25,"""exp utility""",100,18,24,139733.273871817,0.59,7022.71906597362,0.0276952590207613
"354",354,1,1,"""neighbors""",2,0.1,"""wealth""",0.01,25,"""exp utility""",100,18,24,126550.127341159,0.74,6889.75388318539,0.0283158957919143
"355",355,1,1,"""neighbors""",2,0.1,"""wealth""",0.01,25,"""exp utility""",100,18,24,110261.496665531,1.11,6831.73678479846,0.0326833881296863
"356",356,1,1,"""neighbors""",2,0.1,"""wealth""",0.01,25,"""exp utility""",100,18,24,124331.926374649,0.8,6622.88951927593,0.0305148374395715
"357",357,1,1,"""neighbors""",2,0.1,"""wealth""",0.01,25,"""exp utility""",100,18,24,122752.302211908,0.9,7068.35336913937,0.0316597551214675
"358",358,1,1,"""neighbors""",2,0.1,"""wealth""",0.01,25,"""exp utility""",100,18,24,127232.630043453,0.7,7189.79194916148,0.0305019567072487
"359",359,1,1,"""neighbors""",2,0.1,"""wealth""",0.01,25,"""exp utility""",100,18,24,115255.699262924,0.94,6561.20725958025,0.0295752112182037
"360",360,1,1,"""neighbors""",2,0.1,"""wealth""",0.01,25,"""exp utility""",100,18,24,129774.380844762,0.85,7184.88749197538,0.0304680417795061
"361",361,1,1,"""neighbors""",2,0.1,"""wealth""",0.01,25,"""exp utility""",100,19,24,127114.422773255,0.74,6949.22570861952,0.025848998699049
"362",362,1,1,"""neighbors""",2,0.1,"""wealth""",0.01,25,"""exp utility""",100,19,24,126094.863150377,0.77,6841.86643788429,0.0281645212181406
"363",363,1,1,"""neighbors""",2,0.1,"""wealth""",0.01,25,"""exp utility""",100,19,24,118400.963700003,0.87,6939.44711984673,0.0316075618196108
"364",364,1,1,"""neighbors""",2,0.1,"""wealth""",0.01,25,"""exp utility""",100,19,24,130873.8890394,0.64,6910.5194481944,0.0266261821453225
"365",365,1,1,"""neighbors""",2,0.1,"""wealth""",0.01,25,"""exp utility""",100,19,24,132548.7218682,0.6,6934.03020479619,0.0311970368189551
"366",366,1,1,"""neighbors""",2,0.1,"""wealth""",0.01,25,"""exp utility""",100,19,24,124061.807348773,0.7,6679.79562574267,0.0273443495804062
"367",367,1,1,"""neighbors""",2,0.1,"""wealth""",0.01,25,"""exp utility""",100,19,24,126566.368740466,0.68,6789.61393184371,0.02728740672942
"368",368,1,1,"""neighbors""",2,0.1,"""wealth""",0.01,25,"""exp utility""",100,19,24,127255.246536316,0.68,7082.92295741436,0.0287459307268549
"369",369,1,1,"""neighbors""",2,0.1,"""wealth""",0.01,25,"""exp utility""",100,19,24,119934.146263527,0.88,6550.77784807969,0.0297168405978065
"370",370,1,1,"""neighbors""",2,0.1,"""wealth""",0.01,25,"""exp utility""",100,19,24,129457.124315595,0.68,6802.13885558417,0.0281901331311351
"371",371,1,1,"""neighbors""",2,0.1,"""wealth""",0.01,25,"""exp utility""",100,19,24,123826.642906622,0.82,7207.89989232656,0.029432974607171
"372",372,1,1,"""neighbors""",2,0.1,"""wealth""",0.01,25,"""exp utility""",100,19,24,123015.988139134,0.82,6681.77554874428,0.0297532824871553
"373",373,1,1,"""neighbors""",2,0.1,"""wealth""",0.01,25,"""exp utility""",100,19,24,126586.158591964,0.85,6885.80607127889,0.0302072853524901
"374",374,1,1,"""neighbors""",2,0.1,"""wealth""",0.01,25,"""exp utility""",100,19,24,112914.459806022,0.91,6964.46336702557,0.0310140475100176
"375",375,1,1,"""neighbors""",2,0.1,"""wealth""",0.01,25,"""exp utility""",100,19,24,110397.634247532,0.75,6746.04545625675,0.0258985020549682
"376",376,1,1,"""neighbors""",2,0.1,"""wealth""",0.01,25,"""exp utility""",100,19,24,122794.251084891,0.78,6986.2603838187,0.0298446245171318
"377",377,1,1,"""neighbors""",2,0.1,"""wealth""",0.01,25,"""exp utility""",100,19,24,116618.115381638,0.8,7003.84757868127,0.0302245813734253
"378",378,1,1,"""neighbors""",2,0.1,"""wealth""",0.01,25,"""exp utility""",100,19,24,111732.219533093,0.91,6846.02788897341,0.0292313169135654
"379",379,1,1,"""neighbors""",2,0.1,"""wealth""",0.01,25,"""exp utility""",100,19,24,118879.378624447,0.77,6818.89106978816,0.0280948114422292
"380",380,1,1,"""neighbors""",2,0.1,"""wealth""",0.01,25,"""exp utility""",100,19,24,137922.729787292,0.66,7035.14079665871,0.029226233748997
"381",381,1,1,"""neighbors""",2,0.1,"""wealth""",0.01,25,"""exp utility""",100,20,24,119772.665872023,0.71,6753.53366272534,0.0295533143311367
"382",382,1,1,"""neighbors""",2,0.1,"""wealth""",0.01,25,"""exp utility""",100,20,24,126379.715550025,0.67,6715.14647495628,0.0294268568818672
"383",383,1,1,"""neighbors""",2,0.1,"""wealth""",0.01,25,"""exp utility""",100,20,24,110857.742366066,0.72,6371.06811474971,0.0286281869814748
"384",384,1,1,"""neighbors""",2,0.1,"""wealth""",0.01,25,"""exp utility""",100,20,24,114852.237750438,0.83,6723.30971014446,0.0300599253751157
"385",385,1,1,"""neighbors""",2,0.1,"""wealth""",0.01,25,"""exp utility""",100,20,24,111391.250559834,0.75,6413.92364187593,0.0288489326909409
"386",386,1,1,"""neighbors""",2,0.1,"""wealth""",0.01,25,"""exp utility""",100,20,24,126971.582209842,0.75,6920.34562041882,0.0313830387793963
"387",387,1,1,"""neighbors""",2,0.1,"""wealth""",0.01,25,"""exp utility""",100,20,24,118929.946313238,0.74,6550.40330470675,0.0291111151191068
"388",388,1,1,"""neighbors""",2,0.1,"""wealth""",0.01,25,"""exp utility""",100,20,24,122043.457141881,0.95,7138.64393025261,0.0303087498326578
"389",389,1,1,"""neighbors""",2,0.1,"""wealth""",0.01,25,"""exp utility""",100,20,24,125572.091156748,0.69,7119.24695704524,0.0272854786805565
"390",390,1,1,"""neighbors""",2,0.1,"""wealth""",0.01,25,"""exp utility""",100,20,24,121898.471786096,0.79,6720.79365088407,0.028402896670481
"391",391,1,1,"""neighbors""",2,0.1,"""wealth""",0.01,25,"""exp utility""",100,20,24,111342.211452313,0.96,7297.55653794553,0.0307688576193404
"392",392,1,1,"""neighbors""",2,0.1,"""wealth""",0.01,25,"""exp utility""",100,20,24,124605.40426444,0.72,6553.05018798216,0.0272332722645127
"393",393,1,1,"""neighbors""",2,0.1,"""wealth""",0.01,25,"""exp utility""",100,20,24,122317.059799882,0.68,6801.47965987127,0.028211261221008
"394",394,1,1,"""neighbors""",2,0.1,"""wealth""",0.01,25,"""exp utility""",100,20,24,126608.307534446,0.84,6609.27021273532,0.0296935343068697
"395",395,1,1,"""neighbors""",2,0.1,"""wealth""",0.01,25,"""exp utility""",100,20,24,122011.616741846,0.67,6818.47740083309,0.0296899479013889
"396",396,1,1,"""neighbors""",2,0.1,"""wealth""",0.01,25,"""exp utility""",100,20,24,103520.981703372,0.98,6900.58059130182,0.0298155648220287
"397",397,1,1,"""neighbors""",2,0.1,"""wealth""",0.01,25,"""exp utility""",100,20,24,118361.793709334,0.72,6811.7129035266,0.0256981602965021
"398",398,1,1,"""neighbors""",2,0.1,"""wealth""",0.01,25,"""exp utility""",100,20,24,120747.869977373,0.69,6737.19225203513,0.0274972976783558
"399",399,1,1,"""neighbors""",2,0.1,"""wealth""",0.01,25,"""exp utility""",100,20,24,125024.702660244,0.76,7177.70139059267,0.028148615014433
"400",400,1,1,"""neighbors""",2,0.1,"""wealth""",0.01,25,"""exp utility""",100,20,24,116935.201998596,0.75,6959.83679460907,0.0290949087136805
"401",401,1,1,"""neighbors""",2,0.1,"""wealth""",0.01,25,"""exp utility""",100,21,24,131515.806417177,0.71,6917.34650585422,0.0281952128509472
"402",402,1,1,"""neighbors""",2,0.1,"""wealth""",0.01,25,"""exp utility""",100,21,24,120304.641481494,0.82,7075.89896732194,0.0283057640049541
"403",403,1,1,"""neighbors""",2,0.1,"""wealth""",0.01,25,"""exp utility""",100,21,24,126446.86785399,0.64,6694.60566073359,0.0269243654698511
"404",404,1,1,"""neighbors""",2,0.1,"""wealth""",0.01,25,"""exp utility""",100,21,24,119032.660530914,0.67,6509.47669942284,0.0270573970929951
"405",405,1,1,"""neighbors""",2,0.1,"""wealth""",0.01,25,"""exp utility""",100,21,24,129563.246772379,0.62,6615.56764396561,0.0266498451265219
"406",406,1,1,"""neighbors""",2,0.1,"""wealth""",0.01,25,"""exp utility""",100,21,24,112338.793628775,0.9,6609.9257178004,0.0280742642335784
"407",407,1,1,"""neighbors""",2,0.1,"""wealth""",0.01,25,"""exp utility""",100,21,24,132897.731066938,0.65,6929.1749871979,0.0260581585954666
"408",408,1,1,"""neighbors""",2,0.1,"""wealth""",0.01,25,"""exp utility""",100,21,24,123251.030857022,0.7,6973.04456389859,0.0282880195450012
"409",409,1,1,"""neighbors""",2,0.1,"""wealth""",0.01,25,"""exp utility""",100,21,24,118769.877505475,0.81,6757.5085092419,0.0320857325153441
"410",410,1,1,"""neighbors""",2,0.1,"""wealth""",0.01,25,"""exp utility""",100,21,24,124781.70562246,0.73,6786.31350685493,0.0304296922568028
"411",411,1,1,"""neighbors""",2,0.1,"""wealth""",0.01,25,"""exp utility""",100,21,24,129679.466000601,0.73,7034.68250195028,0.0301089543951051
"412",412,1,1,"""neighbors""",2,0.1,"""wealth""",0.01,25,"""exp utility""",100,21,24,125190.877603454,0.65,6869.47187075512,0.0266733794905703
"413",413,1,1,"""neighbors""",2,0.1,"""wealth""",0.01,25,"""exp utility""",100,21,24,117065.049687785,0.76,6611.32915478936,0.0315443855424158
"414",414,1,1,"""neighbors""",2,0.1,"""wealth""",0.01,25,"""exp utility""",100,21,24,119335.512447698,0.74,6489.29994971562,0.0297006124775284
"415",415,1,1,"""neighbors""",2,0.1,"""wealth""",0.01,25,"""exp utility""",100,21,24,130373.304979232,0.51,6376.36012629188,0.0260924535249138
"416",416,1,1,"""neighbors""",2,0.1,"""wealth""",0.01,25,"""exp utility""",100,21,24,122445.666704156,0.65,6211.39814399818,0.0279710452021852
"417",417,1,1,"""neighbors""",2,0.1,"""wealth""",0.01,25,"""exp utility""",100,21,24,136677.834402025,0.67,7290.59349345637,0.0295137764439624
"418",418,1,1,"""neighbors""",2,0.1,"""wealth""",0.01,25,"""exp utility""",100,21,24,112782.638243277,0.86,6692.87708328064,0.0282053794705728
"419",419,1,1,"""neighbors""",2,0.1,"""wealth""",0.01,25,"""exp utility""",100,21,24,121488.181467117,0.64,6698.77063470341,0.0280203873390989
"420",420,1,1,"""neighbors""",2,0.1,"""wealth""",0.01,25,"""exp utility""",100,21,24,121710.788779763,0.64,6701.5289154673,0.0275283754490798
"421",421,1,1,"""neighbors""",2,0.1,"""wealth""",0.01,25,"""exp utility""",100,22,24,109777.114532122,0.74,6435.81859918926,0.0267969837376208
"422",422,1,1,"""neighbors""",2,0.1,"""wealth""",0.01,25,"""exp utility""",100,22,24,123253.98460356,0.64,7046.44734935878,0.0259680886182571
"423",423,1,1,"""neighbors""",2,0.1,"""wealth""",0.01,25,"""exp utility""",100,22,24,115803.390495007,0.66,6413.96009859515,0.0286540900085055
"424",424,1,1,"""neighbors""",2,0.1,"""wealth""",0.01,25,"""exp utility""",100,22,24,115759.992275109,0.74,6400.30153941212,0.0300365100380109
"425",425,1,1,"""neighbors""",2,0.1,"""wealth""",0.01,25,"""exp utility""",100,22,24,123005.216725942,0.74,6433.7982073675,0.0261274611259115
"426",426,1,1,"""neighbors""",2,0.1,"""wealth""",0.01,25,"""exp utility""",100,22,24,124167.018916264,0.71,6925.7184439514,0.0239947822832814
"427",427,1,1,"""neighbors""",2,0.1,"""wealth""",0.01,25,"""exp utility""",100,22,24,121759.410544786,0.76,6700.10375419004,0.0295858727109975
"428",428,1,1,"""neighbors""",2,0.1,"""wealth""",0.01,25,"""exp utility""",100,22,24,121367.287141536,0.69,6765.12171926193,0.026709031764949
"429",429,1,1,"""neighbors""",2,0.1,"""wealth""",0.01,25,"""exp utility""",100,22,24,125730.29284672,0.65,6717.10326166597,0.0285837854038426
"430",430,1,1,"""neighbors""",2,0.1,"""wealth""",0.01,25,"""exp utility""",100,22,24,117971.017311075,0.71,6215.11708368629,0.0305092645076372
"431",431,1,1,"""neighbors""",2,0.1,"""wealth""",0.01,25,"""exp utility""",100,22,24,105695.966446172,1.03,6399.17348521202,0.0294785976353961
"432",432,1,1,"""neighbors""",2,0.1,"""wealth""",0.01,25,"""exp utility""",100,22,24,108535.235933724,0.97,6661.14714350711,0.0280228715892375
"433",433,1,1,"""neighbors""",2,0.1,"""wealth""",0.01,25,"""exp utility""",100,22,24,113124.901042933,0.89,6937.53526852446,0.0309582307179176
"434",434,1,1,"""neighbors""",2,0.1,"""wealth""",0.01,25,"""exp utility""",100,22,24,116154.128554014,0.85,6879.16802973165,0.0295321339696006
"435",435,1,1,"""neighbors""",2,0.1,"""wealth""",0.01,25,"""exp utility""",100,22,24,124940.075511013,0.71,7066.98921315004,0.0264928994049057
"436",436,1,1,"""neighbors""",2,0.1,"""wealth""",0.01,25,"""exp utility""",100,22,24,127157.053194131,0.8,6928.66543778488,0.0278026231841565
"437",437,1,1,"""neighbors""",2,0.1,"""wealth""",0.01,25,"""exp utility""",100,22,24,112466.879880643,0.77,6404.80260620553,0.0290242520065313
"438",438,1,1,"""neighbors""",2,0.1,"""wealth""",0.01,25,"""exp utility""",100,22,24,118226.46312854,0.79,6584.96200377114,0.0283946124299926
"439",439,1,1,"""neighbors""",2,0.1,"""wealth""",0.01,25,"""exp utility""",100,22,24,130010.297425341,0.75,7106.76774606103,0.0289857250055153
"440",440,1,1,"""neighbors""",2,0.1,"""wealth""",0.01,25,"""exp utility""",100,22,24,118524.333378895,0.88,6730.33693024661,0.0298829549134685
"441",441,1,1,"""neighbors""",2,0.1,"""wealth""",0.01,25,"""exp utility""",100,23,24,122393.374727792,0.75,7076.26077863543,0.0282726382893905
"442",442,1,1,"""neighbors""",2,0.1,"""wealth""",0.01,25,"""exp utility""",100,23,24,119833.342712681,0.74,6663.55147456373,0.0264626546938747
"443",443,1,1,"""neighbors""",2,0.1,"""wealth""",0.01,25,"""exp utility""",100,23,24,116434.020201197,0.83,7043.69302993792,0.0286986920177888
"444",444,1,1,"""neighbors""",2,0.1,"""wealth""",0.01,25,"""exp utility""",100,23,24,123172.202504649,0.63,6812.91021589744,0.0260679918775223
"445",445,1,1,"""neighbors""",2,0.1,"""wealth""",0.01,25,"""exp utility""",100,23,24,115160.217726832,0.81,6969.91145039036,0.0284428722479631
"446",446,1,1,"""neighbors""",2,0.1,"""wealth""",0.01,25,"""exp utility""",100,23,24,119188.697492783,0.87,6448.11872119912,0.0306868472294294
"447",447,1,1,"""neighbors""",2,0.1,"""wealth""",0.01,25,"""exp utility""",100,23,24,117753.664067958,0.81,6439.64447445915,0.0289354640735242
"448",448,1,1,"""neighbors""",2,0.1,"""wealth""",0.01,25,"""exp utility""",100,23,24,124061.331534207,0.72,6664.7277305914,0.0283193056472799
"449",449,1,1,"""neighbors""",2,0.1,"""wealth""",0.01,25,"""exp utility""",100,23,24,126701.273816072,0.88,6599.7757658738,0.0268527433345564
"450",450,1,1,"""neighbors""",2,0.1,"""wealth""",0.01,25,"""exp utility""",100,23,24,132004.978177876,0.62,6921.88108257949,0.0260967406968801
"451",451,1,1,"""neighbors""",2,0.1,"""wealth""",0.01,25,"""exp utility""",100,23,24,129737.555310016,0.7,6450.51737595703,0.0286663554371564
"452",452,1,1,"""neighbors""",2,0.1,"""wealth""",0.01,25,"""exp utility""",100,23,24,126750.691187118,0.71,6809.95079766145,0.0274015266345678
"453",453,1,1,"""neighbors""",2,0.1,"""wealth""",0.01,25,"""exp utility""",100,23,24,128104.281614632,0.79,6817.29659251432,0.02886555713269
"454",454,1,1,"""neighbors""",2,0.1,"""wealth""",0.01,25,"""exp utility""",100,23,24,115755.985692871,0.76,6368.56821761564,0.0292696701637285
"455",455,1,1,"""neighbors""",2,0.1,"""wealth""",0.01,25,"""exp utility""",100,23,24,110259.116103447,0.84,6338.95827606198,0.0308044134231617
"456",456,1,1,"""neighbors""",2,0.1,"""wealth""",0.01,25,"""exp utility""",100,23,24,106560.025241731,0.83,6465.36730483743,0.0300541784009731
"457",457,1,1,"""neighbors""",2,0.1,"""wealth""",0.01,25,"""exp utility""",100,23,24,116018.338178743,0.81,6623.87588562721,0.0292425898275112
"458",458,1,1,"""neighbors""",2,0.1,"""wealth""",0.01,25,"""exp utility""",100,23,24,115237.418913348,0.82,6684.05228497972,0.0296802419393708
"459",459,1,1,"""neighbors""",2,0.1,"""wealth""",0.01,25,"""exp utility""",100,23,24,115024.590785886,0.76,6613.28462424298,0.0303921643106291
"460",460,1,1,"""neighbors""",2,0.1,"""wealth""",0.01,25,"""exp utility""",100,23,24,122720.429050831,0.69,6487.92118355379,0.0281358093634183
"461",461,1,1,"""neighbors""",2,0.1,"""wealth""",0.01,25,"""exp utility""",100,24,24,126900.984144262,0.67,6774.04767755796,0.0265887041757815
"462",462,1,1,"""neighbors""",2,0.1,"""wealth""",0.01,25,"""exp utility""",100,24,24,135107.676968447,0.55,6783.06886099293,0.0268303184345937
"463",463,1,1,"""neighbors""",2,0.1,"""wealth""",0.01,25,"""exp utility""",100,24,24,118965.088413074,0.71,6872.9528760336,0.0281515967504603
"464",464,1,1,"""neighbors""",2,0.1,"""wealth""",0.01,25,"""exp utility""",100,24,24,113917.928086938,0.7,6484.5403324799,0.0289570036993101
"465",465,1,1,"""neighbors""",2,0.1,"""wealth""",0.01,25,"""exp utility""",100,24,24,119086.109570826,0.77,6752.39975796857,0.0282559508411915
"466",466,1,1,"""neighbors""",2,0.1,"""wealth""",0.01,25,"""exp utility""",100,24,24,120594.18394821,0.79,6761.94308355643,0.0290735531243304
"467",467,1,1,"""neighbors""",2,0.1,"""wealth""",0.01,25,"""exp utility""",100,24,24,107228.283530882,0.77,6342.00029531334,0.0268541065875042
"468",468,1,1,"""neighbors""",2,0.1,"""wealth""",0.01,25,"""exp utility""",100,24,24,122438.834704557,0.77,6525.42976469054,0.0280151551922793
"469",469,1,1,"""neighbors""",2,0.1,"""wealth""",0.01,25,"""exp utility""",100,24,24,121367.659399241,0.71,6814.03542727991,0.0290601653672037
"470",470,1,1,"""neighbors""",2,0.1,"""wealth""",0.01,25,"""exp utility""",100,24,24,117231.823737057,0.83,6755.2678229043,0.0274267634459588
"471",471,1,1,"""neighbors""",2,0.1,"""wealth""",0.01,25,"""exp utility""",100,24,24,125527.903287174,0.59,6355.23077099641,0.0280664621996371
"472",472,1,1,"""neighbors""",2,0.1,"""wealth""",0.01,25,"""exp utility""",100,24,24,117436.690618501,0.8,6375.07799385361,0.0299461084419406
"473",473,1,1,"""neighbors""",2,0.1,"""wealth""",0.01,25,"""exp utility""",100,24,24,133915.401830345,0.6,6810.98688040969,0.0282353898809691
"474",474,1,1,"""neighbors""",2,0.1,"""wealth""",0.01,25,"""exp utility""",100,24,24,104456.14188313,0.93,6450.16117850617,0.0293270432845028
"475",475,1,1,"""neighbors""",2,0.1,"""wealth""",0.01,25,"""exp utility""",100,24,24,122736.439862118,0.59,6213.55599954043,0.0251778595499954
"476",476,1,1,"""neighbors""",2,0.1,"""wealth""",0.01,25,"""exp utility""",100,24,24,123776.453449704,0.78,6734.02510970979,0.0296219751666875
"477",477,1,1,"""neighbors""",2,0.1,"""wealth""",0.01,25,"""exp utility""",100,24,24,127409.032226888,0.73,6785.99783208504,0.028635711330318
"478",478,1,1,"""neighbors""",2,0.1,"""wealth""",0.01,25,"""exp utility""",100,24,24,127231.829971109,0.64,6853.33767524249,0.0286840908050882
"479",479,1,1,"""neighbors""",2,0.1,"""wealth""",0.01,25,"""exp utility""",100,24,24,117690.06107301,0.74,6721.60815757864,0.0284886226961406
"480",480,1,1,"""neighbors""",2,0.1,"""wealth""",0.01,25,"""exp utility""",100,24,24,106458.179094685,0.97,6620.31210489565,0.0289634945903218
"481",481,1,1,"""neighbors""",2,0.1,"""wealth""",0.01,25,"""exp utility""",100,25,24,116037.814260879,0.81,6416.81072774548,0.0293487989399064
"482",482,1,1,"""neighbors""",2,0.1,"""wealth""",0.01,25,"""exp utility""",100,25,24,117794.089487829,0.88,6630.95308059997,0.0282836223669715
"483",483,1,1,"""neighbors""",2,0.1,"""wealth""",0.01,25,"""exp utility""",100,25,24,115119.178668251,0.9,6579.76282654873,0.0285383172243178
"484",484,1,1,"""neighbors""",2,0.1,"""wealth""",0.01,25,"""exp utility""",100,25,24,115270.067816702,0.72,6531.49815230588,0.0301875049538077
"485",485,1,1,"""neighbors""",2,0.1,"""wealth""",0.01,25,"""exp utility""",100,25,24,121811.940322057,0.62,6733.06011855867,0.0290748547581454
"486",486,1,1,"""neighbors""",2,0.1,"""wealth""",0.01,25,"""exp utility""",100,25,24,117607.649869532,0.78,6676.66445863458,0.0286916286048999
"487",487,1,1,"""neighbors""",2,0.1,"""wealth""",0.01,25,"""exp utility""",100,25,24,121130.663054072,0.88,6963.10946536905,0.0296975805621688
"488",488,1,1,"""neighbors""",2,0.1,"""wealth""",0.01,25,"""exp utility""",100,25,24,112022.00818707,0.72,6312.01403064154,0.0278852981841336
"489",489,1,1,"""neighbors""",2,0.1,"""wealth""",0.01,25,"""exp utility""",100,25,24,121090.891718335,0.79,6852.56416488314,0.0290740398239128
"490",490,1,1,"""neighbors""",2,0.1,"""wealth""",0.01,25,"""exp utility""",100,25,24,116969.48171063,0.73,6743.51288921832,0.02738291597976
"491",491,1,1,"""neighbors""",2,0.1,"""wealth""",0.01,25,"""exp utility""",100,25,24,117402.346883984,0.64,6406.19465155904,0.0269304401947467
"492",492,1,1,"""neighbors""",2,0.1,"""wealth""",0.01,25,"""exp utility""",100,25,24,125512.867447984,0.75,6880.64637340372,0.0275069122938467
"493",493,1,1,"""neighbors""",2,0.1,"""wealth""",0.01,25,"""exp utility""",100,25,24,122850.649726501,0.8,6608.91130574458,0.0268311180570275
"494",494,1,1,"""neighbors""",2,0.1,"""wealth""",0.01,25,"""exp utility""",100,25,24,120650.947133698,0.67,6365.01019309293,0.0275444693291422
"495",495,1,1,"""neighbors""",2,0.1,"""wealth""",0.01,25,"""exp utility""",100,25,24,110067.462450389,0.87,6490.8860404935,0.0308475855858705
"496",496,1,1,"""neighbors""",2,0.1,"""wealth""",0.01,25,"""exp utility""",100,25,24,118478.172510972,0.69,6671.16702884763,0.0265425938305731
"497",497,1,1,"""neighbors""",2,0.1,"""wealth""",0.01,25,"""exp utility""",100,25,24,111185.887613284,0.77,6448.0995124074,0.0280849744846959
"498",498,1,1,"""neighbors""",2,0.1,"""wealth""",0.01,25,"""exp utility""",100,25,24,117542.859736431,0.85,6859.61512131148,0.0304096262708555
"499",499,1,1,"""neighbors""",2,0.1,"""wealth""",0.01,25,"""exp utility""",100,25,24,121233.376538775,0.64,6964.30931288591,0.0288698193523278
"500",500,1,1,"""neighbors""",2,0.1,"""wealth""",0.01,25,"""exp utility""",100,25,24,126464.57545476,0.81,6832.9151746102,0.0268952644501444
