"BehaviorSpace results (NetLogo 7.0.4)","Table version 2.0"
"butterfly_class_06b.nlogox"
"terrrain-experiment"
"08/26/2026 09:53:15:460 -0500"
"min-pxcor","max-pxcor","min-pycor","max-pycor"
"0","149","0","149"
"[run number]","q","real-terrain","concentrate-turtles","[step]","corridor-width","mean [elevation] of turtles"
"1","0","false","true","999","439.31268067985854","168.61208663543215"
"5","0","false","true","999","442.85878909955574","164.88339181514456"
"14","0","false","true","999","429.07560778910613","168.94549383804312"
"12","0","false","true","999","438.83222856624315","164.38361243092757"
"10","0","false","true","999","428.4592301758775","166.63322840796536"
"15","0","false","true","999","444.172700640062","171.62744968968974"
"8","0","false","true","999","438.22274416515","161.84673342273004"
"7","0","false","true","999","414.2908143827632","171.5752472440705"
"11","0","false","true","999","426.7276505274538","162.14397314188983"
"2","0","false","true","999","439.9752929361105","166.1787321301069"
"3","0","false","true","999","438.16050193599705","165.02764341365187"
"4","0","false","true","999","436.69447575310164","162.21319351579763"
"13","0","false","true","999","463.101281998577","154.2873176114486"
"9","0","false","true","999","426.7371858191956","168.3710327481231"
"6","0","false","true","999","447.09633195146387","169.27901773209325"
"16","0","false","true","999","465.6205737732682","156.18102609931648"
"20","0","false","true","999","435.8109721195672","165.33421385029465"
"18","0","false","true","999","434.37817949379394","159.7953730516675"
"17","0","false","true","999","442.6378410483417","165.25544087658895"
"19","0","false","true","999","463.28834115605986","154.60121684762547"
"23","0","true","true","999","286.02590958377084","491.05379999999957"
"22","0","true","true","999","298.9238854297303","493.17540000000037"
"26","0","true","true","999","289.81649552991155","492.0416000000001"
"21","0","true","true","999","303.72879775412343","492.78239999999965"
"25","0","true","true","999","281.53412995283406","492.2691999999999"
"24","0","true","true","999","297.7666682262582","491.2452000000004"
"28","0","true","true","999","278.6016586596807","491.32120000000043"
"27","0","true","true","999","276.2615274827279","489.9884000000001"
"30","0","true","true","999","307.89947818659573","492.5006000000001"
"29","0","true","true","999","286.21748058298317","492.8521999999998"
"31","0","true","true","999","292.79076818286933","491.7861999999998"
"32","0","true","true","999","297.0146178209241","494.64419999999956"
"33","0","true","true","999","295.42868630209637","491.74580000000003"
"35","0","true","true","999","297.43378864354554","492.54060000000015"
"34","0","true","true","999","299.63157431567214","492.2461999999997"
"42","0.2","false","true","999","153.69822528062454","396.82578097828645"
"36","0","true","true","999","284.91521451579393","489.21659999999986"
"43","0.2","false","true","999","154.94367613937837","397.0434208985788"
"37","0","true","true","999","286.15866279477086","491.25679999999977"
"41","0.2","false","true","999","154.52026780183155","397.16567749709"
"38","0","true","true","999","306.1660710127915","492.71320000000014"
"44","0.2","false","true","999","159.237617291567","396.72954033033113"
"45","0.2","false","true","999","154.90673360352105","396.7921241287278"
"40","0","true","true","999","316.83319284182363","489.9604"
"39","0","true","true","999","303.3577491936306","490.0930000000002"
"46","0.2","false","true","999","156.07790558580754","396.60084197257686"
"47","0.2","false","true","999","154.5918924396515","396.8757166332176"
"51","0.2","false","true","999","157.0595053924151","397.14159457622577"
"48","0.2","false","true","999","155.78101742502682","396.7879410679783"
"53","0.2","false","true","999","154.4941800827914","396.8703240167863"
"56","0.2","false","true","999","158.03897743100933","396.43592211825387"
"57","0.2","false","true","999","155.29181551446047","396.6737180419335"
"55","0.2","false","true","999","156.92870255983604","396.79113400944647"
"49","0.2","false","true","999","159.48025129114782","396.7559830515613"
"58","0.2","false","true","999","154.48062283902073","396.44339004924257"
"54","0.2","false","true","999","156.37039746011928","396.4246786057647"
"52","0.2","false","true","999","158.85250710065037","396.88091049996575"
"59","0.2","false","true","999","153.92853715426457","396.7172374928266"
"50","0.2","false","true","999","154.44017071415774","396.7336720705677"
"60","0.2","false","true","999","152.89559667347416","396.55513675469035"
"61","0.2","true","true","999","128.28700886133734","605.1403999999993"
"62","0.2","true","true","999","123.38809269882591","601.4391999999997"
"63","0.2","true","true","999","120.66510727570926","600.6448000000004"
"65","0.2","true","true","999","122.50747002091722","601.5247999999997"
"66","0.2","true","true","999","132.72057292319377","600.7754"
"67","0.2","true","true","999","133.30773258468196","602.8163999999999"
"68","0.2","true","true","999","117.53676183160884","602.4589999999998"
"70","0.2","true","true","999","122.32385987808168","599.7552000000001"
"64","0.2","true","true","999","126.43685227629031","600.1902000000001"
"71","0.2","true","true","999","129.7553163361607","602.4316000000003"
"72","0.2","true","true","999","113.09985386356963","600.113"
"73","0.2","true","true","999","122.81820869583245","602.9410000000001"
"69","0.2","true","true","999","127.0461113329367","603.4911999999997"
"74","0.2","true","true","999","134.6455871710633","600.9200000000001"
"76","0.2","true","true","999","127.14034799487486","598.9987999999998"
"75","0.2","true","true","999","124.35577877620052","598.5022000000001"
"81","0.4","false","true","999","100.57838882359184","399.28313307929045"
"90","0.4","false","true","999","98.44690953573287","399.14119250491126"
"83","0.4","false","true","999","93.80565654779853","399.1579968971729"
"82","0.4","false","true","999","98.77289240843422","399.2462045564409"
"87","0.4","false","true","999","100.45243708695227","399.23529900914315"
"85","0.4","false","true","999","99.48131348666084","399.212844566291"
"86","0.4","false","true","999","100.05044547739138","399.2277573823836"
"84","0.4","false","true","999","95.74813579450903","399.2192848126152"
"78","0.2","true","true","999","128.4633180883168","600.5826"
"88","0.4","false","true","999","100.44765583501835","399.1131056524539"
"77","0.2","true","true","999","129.85912328648263","600.3151999999998"
"79","0.2","true","true","999","122.77955291244777","600.4139999999999"
"80","0.2","true","true","999","125.12020798159237","599.1071999999999"
"89","0.4","false","true","999","100.18681212377413","399.1365471624707"
"91","0.4","false","true","999","98.3219311626507","399.25703084527237"
"93","0.4","false","true","999","97.51951063771787","399.19065949786284"
"92","0.4","false","true","999","101.70062095494973","399.1091043349553"
"94","0.4","false","true","999","98.72709050182675","399.20314854663496"
"96","0.4","false","true","999","100.60640400584067","399.1968899531628"
"95","0.4","false","true","999","99.25271499293935","399.18304154277627"
"97","0.4","false","true","999","100.37305481412855","399.2427210234619"
"98","0.4","false","true","999","99.5966926669328","399.1369779774673"
"100","0.4","false","true","999","95.94222399942082","399.1732770011586"
"99","0.4","false","true","999","98.75105164294503","399.0619717991948"
"104","0.4","true","true","999","60.32395717657865","602.4476"
"103","0.4","true","true","999","61.52998681952775","603.9781999999998"
"102","0.4","true","true","999","60.142373632363196","601.8397999999996"
"101","0.4","true","true","999","58.41518398970026","605.8736000000001"
"105","0.4","true","true","999","59.33060954881019","601.5999999999998"
"106","0.4","true","true","999","58.81083055936201","602.7446000000003"
"107","0.4","true","true","999","62.7453427037999","602.8898000000002"
"108","0.4","true","true","999","60.49988807641737","604.4657999999994"
"109","0.4","true","true","999","61.74289277289441","604.732"
"110","0.4","true","true","999","61.23220112192965","602.9884000000001"
"111","0.4","true","true","999","62.66311623946402","604.5928"
"112","0.4","true","true","999","59.03224806297441","603.609"
"113","0.4","true","true","999","59.29769695642153","603.5921999999996"
"114","0.4","true","true","999","58.68458027959385","603.9446"
"115","0.4","true","true","999","57.24291879323175","604.7387999999997"
"116","0.4","true","true","999","66.16634772143047","602.2091999999997"
"117","0.4","true","true","999","61.82523505710666","601.6101999999998"
"118","0.4","true","true","999","62.117974041583956","601.2097999999994"
"119","0.4","true","true","999","55.38031640969036","602.7578"
"121","0.6","false","true","999","71.26786060486401","399.648893420939"
"120","0.4","true","true","999","59.657742274864574","603.3975999999996"
"122","0.6","false","true","999","72.26164263974226","399.61586285165725"
"123","0.6","false","true","999","71.14227432689691","399.6279249240055"
"124","0.6","false","true","999","73.39960993745906","399.65324053512234"
"125","0.6","false","true","999","72.10582935994256","399.6639241619203"
"127","0.6","false","true","999","72.21726149356871","399.674921104002"
"126","0.6","false","true","999","71.46166117524773","399.65565929693867"
"129","0.6","false","true","999","72.1974035198382","399.7143870967179"
"128","0.6","false","true","999","72.3975258734332","399.6736874943522"
"131","0.6","false","true","999","70.95182000589581","399.6894543087255"
"130","0.6","false","true","999","68.5310494198063","399.696700407458"
"132","0.6","false","true","999","70.56198322853","399.6690007022534"
"133","0.6","false","true","999","69.90577958373326","399.6983163728175"
"137","0.6","false","true","999","73.10545725812986","399.63112715003507"
"134","0.6","false","true","999","68.66659543058093","399.6354992544447"
"135","0.6","false","true","999","73.23037502758551","399.6706990241783"
"136","0.6","false","true","999","65.78505370315644","399.68390428739576"
"138","0.6","false","true","999","70.66791977546971","399.6839626809281"
"139","0.6","false","true","999","73.60693135744779","399.64442266244424"
"140","0.6","false","true","999","70.15204992486883","399.675273464748"
"143","0.6","true","true","999","32.48075606866701","599.4600000000004"
"141","0.6","true","true","999","32.65252759909266","597.8033999999994"
"142","0.6","true","true","999","30.45595064276846","598.3826000000004"
"144","0.6","true","true","999","35.02274566815326","599.9943999999997"
"145","0.6","true","true","999","34.21595293998502","597.1483999999997"
"149","0.6","true","true","999","33.434692392724614","597.6758"
"147","0.6","true","true","999","32.50853611263412","594.6703999999995"
"146","0.6","true","true","999","35.258364366288326","596.4479999999996"
"148","0.6","true","true","999","32.64619528669752","598.4912"
"150","0.6","true","true","999","31.854626845670467","599.7729999999999"
"151","0.6","true","true","999","30.965969953484468","597.3363999999996"
"152","0.6","true","true","999","32.26216236562374","598.3327999999997"
"161","0.8","false","true","999","49.53295420378508","399.8404597661186"
"153","0.6","true","true","999","32.22158579736639","600.2554"
"154","0.6","true","true","999","32.95191685230507","599.7831999999997"
"155","0.6","true","true","999","33.04190041028263","598.7438"
"156","0.6","true","true","999","33.91196830947451","598.6365999999995"
"162","0.8","false","true","999","51.174012852176915","399.84890849389535"
"157","0.6","true","true","999","32.97368538027569","600.6976"
"158","0.6","true","true","999","34.01170307898576","596.1907999999997"
"160","0.6","true","true","999","30.189850534048503","598.7966000000002"
"163","0.8","false","true","999","50.941261953760176","399.86854508929133"
"164","0.8","false","true","999","50.37776670403029","399.8552847828693"
"159","0.6","true","true","999","32.03491951173254","598.6528000000006"
"165","0.8","false","true","999","50.70520400153848","399.8535904649824"
"166","0.8","false","true","999","51.141233449685224","399.8590382864433"
"167","0.8","false","true","999","51.35274327880601","399.8679081959823"
"168","0.8","false","true","999","48.83773971226057","399.8496345461937"
"169","0.8","false","true","999","50.78243485397874","399.8543174530189"
"170","0.8","false","true","999","49.554076583086754","399.838079412609"
"171","0.8","false","true","999","49.47413921726413","399.8556264860459"
"172","0.8","false","true","999","50.61810048885744","399.8404709616892"
"173","0.8","false","true","999","52.390315823556264","399.8596717035115"
"174","0.8","false","true","999","51.477360681021544","399.8598848930019"
"175","0.8","false","true","999","51.648576818474616","399.87336476355966"
"176","0.8","false","true","999","52.384458757751545","399.8355839602501"
"178","0.8","false","true","999","51.732296792344286","399.84757436551894"
"179","0.8","false","true","999","50.69312002223769","399.85385420465195"
"177","0.8","false","true","999","50.03356186597596","399.83954127668926"
"180","0.8","false","true","999","49.82055033136802","399.8604052723461"
"181","0.8","true","true","999","22.97932798663933","564.3586"
"183","0.8","true","true","999","22.44509868883131","562.5676"
"182","0.8","true","true","999","22.90883754946439","561.3788"
"184","0.8","true","true","999","22.80697739172734","562.9751999999997"
"186","0.8","true","true","999","23.239734927130694","561.2695999999999"
"185","0.8","true","true","999","23.4638971602545","564.1750000000001"
"189","0.8","true","true","999","22.654561535905255","561.65"
"187","0.8","true","true","999","23.267030663862073","561.6763999999997"
"188","0.8","true","true","999","22.16139869688492","561.3435999999998"
"192","0.8","true","true","999","22.924826938245772","562.6338000000003"
"193","0.8","true","true","999","22.488952278813116","561.6345999999998"
"190","0.8","true","true","999","22.941783183726088","561.4072"
"191","0.8","true","true","999","22.912784715912643","565.3498"
"194","0.8","true","true","999","22.15194959504146","559.2689999999999"
"195","0.8","true","true","999","22.362524678849443","562.8902"
"197","0.8","true","true","999","22.113336338992504","564.2929999999999"
"196","0.8","true","true","999","23.507065879492497","560.6846"
"198","0.8","true","true","999","21.685106658001096","562.6958000000002"
"201","1","false","true","999","25.869972095677937","399.9422183107152"
"202","1","false","true","999","25.862647309260705","399.9423206517755"
"203","1","false","true","999","25.889573658169198","399.9436169718774"
"204","1","false","true","999","25.868486078060705","399.94228653808887"
"199","0.8","true","true","999","22.131742535322502","562.8312"
"205","1","false","true","999","25.941039578774166","399.9426617886446"
"208","1","false","true","999","25.895509654125203","399.94290058445273"
"206","1","false","true","999","25.898236195829366","399.94259356127105"
"207","1","false","true","999","25.863821775793177","399.94290058445296"
"200","0.8","true","true","999","23.65821352113629","560.1547999999999"
"209","1","false","true","999","25.882865635436104","399.94303703920053"
"211","1","false","true","999","25.819867280477027","399.941740719099"
"210","1","false","true","999","25.861551319798544","399.94208185596796"
"212","1","false","true","999","25.887721803148235","399.9423888791498"
"213","1","false","true","999","25.897659088504646","399.9435146308174"
"214","1","false","true","999","25.91803181585741","399.9425594475844"
"216","1","false","true","999","25.84787615622489","399.9433099486956"
"215","1","false","true","999","25.867521983222357","399.9435828581909"
"217","1","false","true","999","25.85155068284647","399.9424229928367"
"220","1","false","true","999","25.892210428531342","399.94249122021057"
"218","1","false","true","999","25.8703995396413","399.94249122021046"
"219","1","false","true","999","25.895464870917156","399.9421159696547"
"225","1","true","true","999","8.830225012727658","510.0056000000005"
"223","1","true","true","999","8.815765761238865","509.8656000000007"
"221","1","true","true","999","9.11717436376312","508.63200000000063"
"222","1","true","true","999","8.763440627199737","509.84520000000055"
"224","1","true","true","999","8.918669300615743","509.46040000000073"
"226","1","true","true","999","8.653206922200086","510.68560000000065"
"227","1","true","true","999","8.75873906385931","510.5228000000007"
"236","1","true","true","999","8.646448094274053","510.10680000000065"
"230","1","true","true","999","8.968824225356576","509.4568000000006"
"229","1","true","true","999","8.843812170934685","510.1164000000007"
"228","1","true","true","999","8.812801122988411","509.8572000000006"
"231","1","true","true","999","8.923189706568472","509.6268000000007"
"233","1","true","true","999","8.404123050090437","510.9256000000006"
"232","1","true","true","999","8.850020320434158","510.18640000000073"
"234","1","true","true","999","8.827924160500503","509.77760000000063"
"235","1","true","true","999","8.770353250347581","510.0044000000005"
"237","1","true","true","999","9.48037324020082","507.5516000000006"
"239","1","true","true","999","9.162909660772455","508.7152000000006"
"238","1","true","true","999","8.93498440843225","509.2844000000007"
"240","1","true","true","999","9.039136253672222","509.11920000000055"
