"BehaviorSpace results (NetLogo 7.0.4)","Spreadsheet version 2.0"
"butterfly_class_06b.nlogox"
"terrrain-experiment"
"08/26/2026 09:54:31:686 -0500"
"min-pxcor","max-pxcor","min-pycor","max-pycor"
"0","149","0","149"
"[run number]","1","1","1","2","2","2","3","3","3","4","4","4","5","5","5","6","6","6","7","7","7","8","8","8","9","9","9","10","10","10","11","11","11","12","12","12","13","13","13","14","14","14","15","15","15","16","16","16","17","17","17","18","18","18","19","19","19","20","20","20","21","21","21","22","22","22","23","23","23","24","24","24","25","25","25","26","26","26","27","27","27","28","28","28","29","29","29","30","30","30","31","31","31","32","32","32","33","33","33","34","34","34","35","35","35","36","36","36","37","37","37","38","38","38","39","39","39","40","40","40","41","41","41","42","42","42","43","43","43","44","44","44","45","45","45","46","46","46","47","47","47","48","48","48","49","49","49","50","50","50","51","51","51","52","52","52","53","53","53","54","54","54","55","55","55","56","56","56","57","57","57","58","58","58","59","59","59","60","60","60","61","61","61","62","62","62","63","63","63","64","64","64","65","65","65","66","66","66","67","67","67","68","68","68","69","69","69","70","70","70","71","71","71","72","72","72","73","73","73","74","74","74","75","75","75","76","76","76","77","77","77","78","78","78","79","79","79","80","80","80","81","81","81","82","82","82","83","83","83","84","84","84","85","85","85","86","86","86","87","87","87","88","88","88","89","89","89","90","90","90","91","91","91","92","92","92","93","93","93","94","94","94","95","95","95","96","96","96","97","97","97","98","98","98","99","99","99","100","100","100","101","101","101","102","102","102","103","103","103","104","104","104","105","105","105","106","106","106","107","107","107","108","108","108","109","109","109","110","110","110","111","111","111","112","112","112","113","113","113","114","114","114","115","115","115","116","116","116","117","117","117","118","118","118","119","119","119","120","120","120","121","121","121","122","122","122","123","123","123","124","124","124","125","125","125","126","126","126","127","127","127","128","128","128","129","129","129","130","130","130","131","131","131","132","132","132","133","133","133","134","134","134","135","135","135","136","136","136","137","137","137","138","138","138","139","139","139","140","140","140","141","141","141","142","142","142","143","143","143","144","144","144","145","145","145","146","146","146","147","147","147","148","148","148","149","149","149","150","150","150","151","151","151","152","152","152","153","153","153","154","154","154","155","155","155","156","156","156","157","157","157","158","158","158","159","159","159","160","160","160","161","161","161","162","162","162","163","163","163","164","164","164","165","165","165","166","166","166","167","167","167","168","168","168","169","169","169","170","170","170","171","171","171","172","172","172","173","173","173","174","174","174","175","175","175","176","176","176","177","177","177","178","178","178","179","179","179","180","180","180","181","181","181","182","182","182","183","183","183","184","184","184","185","185","185","186","186","186","187","187","187","188","188","188","189","189","189","190","190","190","191","191","191","192","192","192","193","193","193","194","194","194","195","195","195","196","196","196","197","197","197","198","198","198","199","199","199","200","200","200","201","201","201","202","202","202","203","203","203","204","204","204","205","205","205","206","206","206","207","207","207","208","208","208","209","209","209","210","210","210","211","211","211","212","212","212","213","213","213","214","214","214","215","215","215","216","216","216","217","217","217","218","218","218","219","219","219","220","220","220","221","221","221","222","222","222","223","223","223","224","224","224","225","225","225","226","226","226","227","227","227","228","228","228","229","229","229","230","230","230","231","231","231","232","232","232","233","233","233","234","234","234","235","235","235","236","236","236","237","237","237","238","238","238","239","239","239","240","240","240"
"q","0",,,"0",,,"0",,,"0",,,"0",,,"0",,,"0",,,"0",,,"0",,,"0",,,"0",,,"0",,,"0",,,"0",,,"0",,,"0",,,"0",,,"0",,,"0",,,"0",,,"0",,,"0",,,"0",,,"0",,,"0",,,"0",,,"0",,,"0",,,"0",,,"0",,,"0",,,"0",,,"0",,,"0",,,"0",,,"0",,,"0",,,"0",,,"0",,,"0",,,"0.2",,,"0.2",,,"0.2",,,"0.2",,,"0.2",,,"0.2",,,"0.2",,,"0.2",,,"0.2",,,"0.2",,,"0.2",,,"0.2",,,"0.2",,,"0.2",,,"0.2",,,"0.2",,,"0.2",,,"0.2",,,"0.2",,,"0.2",,,"0.2",,,"0.2",,,"0.2",,,"0.2",,,"0.2",,,"0.2",,,"0.2",,,"0.2",,,"0.2",,,"0.2",,,"0.2",,,"0.2",,,"0.2",,,"0.2",,,"0.2",,,"0.2",,,"0.2",,,"0.2",,,"0.2",,,"0.2",,,"0.4",,,"0.4",,,"0.4",,,"0.4",,,"0.4",,,"0.4",,,"0.4",,,"0.4",,,"0.4",,,"0.4",,,"0.4",,,"0.4",,,"0.4",,,"0.4",,,"0.4",,,"0.4",,,"0.4",,,"0.4",,,"0.4",,,"0.4",,,"0.4",,,"0.4",,,"0.4",,,"0.4",,,"0.4",,,"0.4",,,"0.4",,,"0.4",,,"0.4",,,"0.4",,,"0.4",,,"0.4",,,"0.4",,,"0.4",,,"0.4",,,"0.4",,,"0.4",,,"0.4",,,"0.4",,,"0.4",,,"0.6",,,"0.6",,,"0.6",,,"0.6",,,"0.6",,,"0.6",,,"0.6",,,"0.6",,,"0.6",,,"0.6",,,"0.6",,,"0.6",,,"0.6",,,"0.6",,,"0.6",,,"0.6",,,"0.6",,,"0.6",,,"0.6",,,"0.6",,,"0.6",,,"0.6",,,"0.6",,,"0.6",,,"0.6",,,"0.6",,,"0.6",,,"0.6",,,"0.6",,,"0.6",,,"0.6",,,"0.6",,,"0.6",,,"0.6",,,"0.6",,,"0.6",,,"0.6",,,"0.6",,,"0.6",,,"0.6",,,"0.8",,,"0.8",,,"0.8",,,"0.8",,,"0.8",,,"0.8",,,"0.8",,,"0.8",,,"0.8",,,"0.8",,,"0.8",,,"0.8",,,"0.8",,,"0.8",,,"0.8",,,"0.8",,,"0.8",,,"0.8",,,"0.8",,,"0.8",,,"0.8",,,"0.8",,,"0.8",,,"0.8",,,"0.8",,,"0.8",,,"0.8",,,"0.8",,,"0.8",,,"0.8",,,"0.8",,,"0.8",,,"0.8",,,"0.8",,,"0.8",,,"0.8",,,"0.8",,,"0.8",,,"0.8",,,"0.8",,,"1",,,"1",,,"1",,,"1",,,"1",,,"1",,,"1",,,"1",,,"1",,,"1",,,"1",,,"1",,,"1",,,"1",,,"1",,,"1",,,"1",,,"1",,,"1",,,"1",,,"1",,,"1",,,"1",,,"1",,,"1",,,"1",,,"1",,,"1",,,"1",,,"1",,,"1",,,"1",,,"1",,,"1",,,"1",,,"1",,,"1",,,"1",,,"1",,,"1",,
"real-terrain","false",,,"false",,,"false",,,"false",,,"false",,,"false",,,"false",,,"false",,,"false",,,"false",,,"false",,,"false",,,"false",,,"false",,,"false",,,"false",,,"false",,,"false",,,"false",,,"false",,,"true",,,"true",,,"true",,,"true",,,"true",,,"true",,,"true",,,"true",,,"true",,,"true",,,"true",,,"true",,,"true",,,"true",,,"true",,,"true",,,"true",,,"true",,,"true",,,"true",,,"false",,,"false",,,"false",,,"false",,,"false",,,"false",,,"false",,,"false",,,"false",,,"false",,,"false",,,"false",,,"false",,,"false",,,"false",,,"false",,,"false",,,"false",,,"false",,,"false",,,"true",,,"true",,,"true",,,"true",,,"true",,,"true",,,"true",,,"true",,,"true",,,"true",,,"true",,,"true",,,"true",,,"true",,,"true",,,"true",,,"true",,,"true",,,"true",,,"true",,,"false",,,"false",,,"false",,,"false",,,"false",,,"false",,,"false",,,"false",,,"false",,,"false",,,"false",,,"false",,,"false",,,"false",,,"false",,,"false",,,"false",,,"false",,,"false",,,"false",,,"true",,,"true",,,"true",,,"true",,,"true",,,"true",,,"true",,,"true",,,"true",,,"true",,,"true",,,"true",,,"true",,,"true",,,"true",,,"true",,,"true",,,"true",,,"true",,,"true",,,"false",,,"false",,,"false",,,"false",,,"false",,,"false",,,"false",,,"false",,,"false",,,"false",,,"false",,,"false",,,"false",,,"false",,,"false",,,"false",,,"false",,,"false",,,"false",,,"false",,,"true",,,"true",,,"true",,,"true",,,"true",,,"true",,,"true",,,"true",,,"true",,,"true",,,"true",,,"true",,,"true",,,"true",,,"true",,,"true",,,"true",,,"true",,,"true",,,"true",,,"false",,,"false",,,"false",,,"false",,,"false",,,"false",,,"false",,,"false",,,"false",,,"false",,,"false",,,"false",,,"false",,,"false",,,"false",,,"false",,,"false",,,"false",,,"false",,,"false",,,"true",,,"true",,,"true",,,"true",,,"true",,,"true",,,"true",,,"true",,,"true",,,"true",,,"true",,,"true",,,"true",,,"true",,,"true",,,"true",,,"true",,,"true",,,"true",,,"true",,,"false",,,"false",,,"false",,,"false",,,"false",,,"false",,,"false",,,"false",,,"false",,,"false",,,"false",,,"false",,,"false",,,"false",,,"false",,,"false",,,"false",,,"false",,,"false",,,"false",,,"true",,,"true",,,"true",,,"true",,,"true",,,"true",,,"true",,,"true",,,"true",,,"true",,,"true",,,"true",,,"true",,,"true",,,"true",,,"true",,,"true",,,"true",,,"true",,,"true",,
"concentrate-turtles","true",,,"true",,,"true",,,"true",,,"true",,,"true",,,"true",,,"true",,,"true",,,"true",,,"true",,,"true",,,"true",,,"true",,,"true",,,"true",,,"true",,,"true",,,"true",,,"true",,,"true",,,"true",,,"true",,,"true",,,"true",,,"true",,,"true",,,"true",,,"true",,,"true",,,"true",,,"true",,,"true",,,"true",,,"true",,,"true",,,"true",,,"true",,,"true",,,"true",,,"true",,,"true",,,"true",,,"true",,,"true",,,"true",,,"true",,,"true",,,"true",,,"true",,,"true",,,"true",,,"true",,,"true",,,"true",,,"true",,,"true",,,"true",,,"true",,,"true",,,"true",,,"true",,,"true",,,"true",,,"true",,,"true",,,"true",,,"true",,,"true",,,"true",,,"true",,,"true",,,"true",,,"true",,,"true",,,"true",,,"true",,,"true",,,"true",,,"true",,,"true",,,"true",,,"true",,,"true",,,"true",,,"true",,,"true",,,"true",,,"true",,,"true",,,"true",,,"true",,,"true",,,"true",,,"true",,,"true",,,"true",,,"true",,,"true",,,"true",,,"true",,,"true",,,"true",,,"true",,,"true",,,"true",,,"true",,,"true",,,"true",,,"true",,,"true",,,"true",,,"true",,,"true",,,"true",,,"true",,,"true",,,"true",,,"true",,,"true",,,"true",,,"true",,,"true",,,"true",,,"true",,,"true",,,"true",,,"true",,,"true",,,"true",,,"true",,,"true",,,"true",,,"true",,,"true",,,"true",,,"true",,,"true",,,"true",,,"true",,,"true",,,"true",,,"true",,,"true",,,"true",,,"true",,,"true",,,"true",,,"true",,,"true",,,"true",,,"true",,,"true",,,"true",,,"true",,,"true",,,"true",,,"true",,,"true",,,"true",,,"true",,,"true",,,"true",,,"true",,,"true",,,"true",,,"true",,,"true",,,"true",,,"true",,,"true",,,"true",,,"true",,,"true",,,"true",,,"true",,,"true",,,"true",,,"true",,,"true",,,"true",,,"true",,,"true",,,"true",,,"true",,,"true",,,"true",,,"true",,,"true",,,"true",,,"true",,,"true",,,"true",,,"true",,,"true",,,"true",,,"true",,,"true",,,"true",,,"true",,,"true",,,"true",,,"true",,,"true",,,"true",,,"true",,,"true",,,"true",,,"true",,,"true",,,"true",,,"true",,,"true",,,"true",,,"true",,,"true",,,"true",,,"true",,,"true",,,"true",,,"true",,,"true",,,"true",,,"true",,,"true",,,"true",,,"true",,,"true",,,"true",,,"true",,,"true",,,"true",,,"true",,,"true",,,"true",,,"true",,,"true",,,"true",,,"true",,,"true",,
"[total steps]","999","999","999","999","999","999","999","999","999","999","999","999","999","999","999","999","999","999","999","999","999","999","999","999","999","999","999","999","999","999","999","999","999","999","999","999","999","999","999","999","999","999","999","999","999","999","999","999","999","999","999","999","999","999","999","999","999","999","999","999","999","999","999","999","999","999","999","999","999","999","999","999","999","999","999","999","999","999","999","999","999","999","999","999","999","999","999","999","999","999","999","999","999","999","999","999","999","999","999","999","999","999","999","999","999","999","999","999","999","999","999","999","999","999","999","999","999","999","999","999","999","999","999","999","999","999","999","999","999","999","999","999","999","999","999","999","999","999","999","999","999","999","999","999","999","999","999","999","999","999","999","999","999","999","999","999","999","999","999","999","999","999","999","999","999","999","999","999","999","999","999","999","999","999","999","999","999","999","999","999","999","999","999","999","999","999","999","999","999","999","999","999","999","999","999","999","999","999","999","999","999","999","999","999","999","999","999","999","999","999","999","999","999","999","999","999","999","999","999","999","999","999","999","999","999","999","999","999","999","999","999","999","999","999","999","999","999","999","999","999","999","999","999","999","999","999","999","999","999","999","999","999","999","999","999","999","999","999","999","999","999","999","999","999","999","999","999","999","999","999","999","999","999","999","999","999","999","999","999","999","999","999","999","999","999","999","999","999","999","999","999","999","999","999","999","999","999","999","999","999","999","999","999","999","999","999","999","999","999","999","999","999","999","999","999","999","999","999","999","999","999","999","999","999","999","999","999","999","999","999","999","999","999","999","999","999","999","999","999","999","999","999","999","999","999","999","999","999","999","999","999","999","999","999","999","999","999","999","999","999","999","999","999","999","999","999","999","999","999","999","999","999","999","999","999","999","999","999","999","999","999","999","999","999","999","999","999","999","999","999","999","999","999","999","999","999","999","999","999","999","999","999","999","999","999","999","999","999","999","999","999","999","999","999","999","999","999","999","999","999","999","999","999","999","999","999","999","999","999","999","999","999","999","999","999","999","999","999","999","999","999","999","999","999","999","999","999","999","999","999","999","999","999","999","999","999","999","999","999","999","999","999","999","999","999","999","999","999","999","999","999","999","999","999","999","999","999","999","999","999","999","999","999","999","999","999","999","999","999","999","999","999","999","999","999","999","999","999","999","999","999","999","999","999","999","999","999","999","999","999","999","999","999","999","999","999","999","999","999","999","999","999","999","999","999","999","999","999","999","999","999","999","999","999","999","999","999","999","999","999","999","999","999","999","999","999","999","999","999","999","999","999","999","999","999","999","999","999","999","999","999","999","999","999","999","999","999","999","999","999","999","999","999","999","999","999","999","999","999","999","999","999","999","999","999","999","999","999","999","999","999","999","999","999","999","999","999","999","999","999","999","999","999","999","999","999","999","999","999","999","999","999","999","999","999","999","999","999","999","999","999","999","999","999","999","999","999","999","999","999","999","999","999","999","999","999","999","999","999","999","999","999","999","999","999","999","999","999","999","999","999","999","999","999","999","999","999","999","999","999","999","999","999","999","999","999","999","999","999","999","999","999","999","999","999","999","999","999","999","999","999","999","999","999","999","999","999","999","999","999","999","999","999","999","999","999","999","999","999","999","999","999","999","999","999","999","999","999","999","999","999","999","999","999","999","999","999","999","999","999"

"[final value]","[step]","corridor-width","mean [elevation] of turtles","[step]","corridor-width","mean [elevation] of turtles","[step]","corridor-width","mean [elevation] of turtles","[step]","corridor-width","mean [elevation] of turtles","[step]","corridor-width","mean [elevation] of turtles","[step]","corridor-width","mean [elevation] of turtles","[step]","corridor-width","mean [elevation] of turtles","[step]","corridor-width","mean [elevation] of turtles","[step]","corridor-width","mean [elevation] of turtles","[step]","corridor-width","mean [elevation] of turtles","[step]","corridor-width","mean [elevation] of turtles","[step]","corridor-width","mean [elevation] of turtles","[step]","corridor-width","mean [elevation] of turtles","[step]","corridor-width","mean [elevation] of turtles","[step]","corridor-width","mean [elevation] of turtles","[step]","corridor-width","mean [elevation] of turtles","[step]","corridor-width","mean [elevation] of turtles","[step]","corridor-width","mean [elevation] of turtles","[step]","corridor-width","mean [elevation] of turtles","[step]","corridor-width","mean [elevation] of turtles","[step]","corridor-width","mean [elevation] of turtles","[step]","corridor-width","mean [elevation] of turtles","[step]","corridor-width","mean [elevation] of turtles","[step]","corridor-width","mean [elevation] of turtles","[step]","corridor-width","mean [elevation] of turtles","[step]","corridor-width","mean [elevation] of turtles","[step]","corridor-width","mean [elevation] of turtles","[step]","corridor-width","mean [elevation] of turtles","[step]","corridor-width","mean [elevation] of turtles","[step]","corridor-width","mean [elevation] of turtles","[step]","corridor-width","mean [elevation] of turtles","[step]","corridor-width","mean [elevation] of turtles","[step]","corridor-width","mean [elevation] of turtles","[step]","corridor-width","mean [elevation] of turtles","[step]","corridor-width","mean [elevation] of turtles","[step]","corridor-width","mean [elevation] of turtles","[step]","corridor-width","mean [elevation] of turtles","[step]","corridor-width","mean [elevation] of turtles","[step]","corridor-width","mean [elevation] of turtles","[step]","corridor-width","mean [elevation] of turtles","[step]","corridor-width","mean [elevation] of turtles","[step]","corridor-width","mean [elevation] of turtles","[step]","corridor-width","mean [elevation] of turtles","[step]","corridor-width","mean [elevation] of turtles","[step]","corridor-width","mean [elevation] of turtles","[step]","corridor-width","mean [elevation] of turtles","[step]","corridor-width","mean [elevation] of turtles","[step]","corridor-width","mean [elevation] of turtles","[step]","corridor-width","mean [elevation] of turtles","[step]","corridor-width","mean [elevation] of turtles","[step]","corridor-width","mean [elevation] of turtles","[step]","corridor-width","mean [elevation] of turtles","[step]","corridor-width","mean [elevation] of turtles","[step]","corridor-width","mean [elevation] of turtles","[step]","corridor-width","mean [elevation] of turtles","[step]","corridor-width","mean [elevation] of turtles","[step]","corridor-width","mean [elevation] of turtles","[step]","corridor-width","mean [elevation] of turtles","[step]","corridor-width","mean [elevation] of turtles","[step]","corridor-width","mean [elevation] of turtles","[step]","corridor-width","mean [elevation] of turtles","[step]","corridor-width","mean [elevation] of turtles","[step]","corridor-width","mean [elevation] of turtles","[step]","corridor-width","mean [elevation] of turtles","[step]","corridor-width","mean [elevation] of turtles","[step]","corridor-width","mean [elevation] of turtles","[step]","corridor-width","mean [elevation] of turtles","[step]","corridor-width","mean [elevation] of turtles","[step]","corridor-width","mean [elevation] of turtles","[step]","corridor-width","mean [elevation] of turtles","[step]","corridor-width","mean [elevation] of turtles","[step]","corridor-width","mean [elevation] of turtles","[step]","corridor-width","mean [elevation] of turtles","[step]","corridor-width","mean [elevation] of turtles","[step]","corridor-width","mean [elevation] of turtles","[step]","corridor-width","mean [elevation] of turtles","[step]","corridor-width","mean [elevation] of turtles","[step]","corridor-width","mean [elevation] of turtles","[step]","corridor-width","mean [elevation] of turtles","[step]","corridor-width","mean [elevation] of turtles","[step]","corridor-width","mean [elevation] of turtles","[step]","corridor-width","mean [elevation] of turtles","[step]","corridor-width","mean [elevation] of turtles","[step]","corridor-width","mean [elevation] of turtles","[step]","corridor-width","mean [elevation] of turtles","[step]","corridor-width","mean [elevation] of turtles","[step]","corridor-width","mean [elevation] of turtles","[step]","corridor-width","mean [elevation] of turtles","[step]","corridor-width","mean [elevation] of turtles","[step]","corridor-width","mean [elevation] of turtles","[step]","corridor-width","mean [elevation] of turtles","[step]","corridor-width","mean [elevation] of turtles","[step]","corridor-width","mean [elevation] of turtles","[step]","corridor-width","mean [elevation] of turtles","[step]","corridor-width","mean [elevation] of turtles","[step]","corridor-width","mean [elevation] of turtles","[step]","corridor-width","mean [elevation] of turtles","[step]","corridor-width","mean [elevation] of turtles","[step]","corridor-width","mean [elevation] of turtles","[step]","corridor-width","mean [elevation] of turtles","[step]","corridor-width","mean [elevation] of turtles","[step]","corridor-width","mean [elevation] of turtles","[step]","corridor-width","mean [elevation] of turtles","[step]","corridor-width","mean [elevation] of turtles","[step]","corridor-width","mean [elevation] of turtles","[step]","corridor-width","mean [elevation] of turtles","[step]","corridor-width","mean [elevation] of turtles","[step]","corridor-width","mean [elevation] of turtles","[step]","corridor-width","mean [elevation] of turtles","[step]","corridor-width","mean [elevation] of turtles","[step]","corridor-width","mean [elevation] of turtles","[step]","corridor-width","mean [elevation] of turtles","[step]","corridor-width","mean [elevation] of turtles","[step]","corridor-width","mean [elevation] of turtles","[step]","corridor-width","mean [elevation] of turtles","[step]","corridor-width","mean [elevation] of turtles","[step]","corridor-width","mean [elevation] of turtles","[step]","corridor-width","mean [elevation] of turtles","[step]","corridor-width","mean [elevation] of turtles","[step]","corridor-width","mean [elevation] of turtles","[step]","corridor-width","mean [elevation] of turtles","[step]","corridor-width","mean [elevation] of turtles","[step]","corridor-width","mean [elevation] of turtles","[step]","corridor-width","mean [elevation] of turtles","[step]","corridor-width","mean [elevation] of turtles","[step]","corridor-width","mean [elevation] of turtles","[step]","corridor-width","mean [elevation] of turtles","[step]","corridor-width","mean [elevation] of turtles","[step]","corridor-width","mean [elevation] of turtles","[step]","corridor-width","mean [elevation] of turtles","[step]","corridor-width","mean [elevation] of turtles","[step]","corridor-width","mean [elevation] of turtles","[step]","corridor-width","mean [elevation] of turtles","[step]","corridor-width","mean [elevation] of turtles","[step]","corridor-width","mean [elevation] of turtles","[step]","corridor-width","mean [elevation] of turtles","[step]","corridor-width","mean [elevation] of turtles","[step]","corridor-width","mean [elevation] of turtles","[step]","corridor-width","mean [elevation] of turtles","[step]","corridor-width","mean [elevation] of turtles","[step]","corridor-width","mean [elevation] of turtles","[step]","corridor-width","mean [elevation] of turtles","[step]","corridor-width","mean [elevation] of turtles","[step]","corridor-width","mean [elevation] of turtles","[step]","corridor-width","mean [elevation] of turtles","[step]","corridor-width","mean [elevation] of turtles","[step]","corridor-width","mean [elevation] of turtles","[step]","corridor-width","mean [elevation] of turtles","[step]","corridor-width","mean [elevation] of turtles","[step]","corridor-width","mean [elevation] of turtles","[step]","corridor-width","mean [elevation] of turtles","[step]","corridor-width","mean [elevation] of turtles","[step]","corridor-width","mean [elevation] of turtles","[step]","corridor-width","mean [elevation] of turtles","[step]","corridor-width","mean [elevation] of turtles","[step]","corridor-width","mean [elevation] of turtles","[step]","corridor-width","mean [elevation] of turtles","[step]","corridor-width","mean [elevation] of turtles","[step]","corridor-width","mean [elevation] of turtles","[step]","corridor-width","mean [elevation] of turtles","[step]","corridor-width","mean [elevation] of turtles","[step]","corridor-width","mean [elevation] of turtles","[step]","corridor-width","mean [elevation] of turtles","[step]","corridor-width","mean [elevation] of turtles","[step]","corridor-width","mean [elevation] of turtles","[step]","corridor-width","mean [elevation] of turtles","[step]","corridor-width","mean [elevation] of turtles","[step]","corridor-width","mean [elevation] of turtles","[step]","corridor-width","mean [elevation] of turtles","[step]","corridor-width","mean [elevation] of turtles","[step]","corridor-width","mean [elevation] of turtles","[step]","corridor-width","mean [elevation] of turtles","[step]","corridor-width","mean [elevation] of turtles","[step]","corridor-width","mean [elevation] of turtles","[step]","corridor-width","mean [elevation] of turtles","[step]","corridor-width","mean [elevation] of turtles","[step]","corridor-width","mean [elevation] of turtles","[step]","corridor-width","mean [elevation] of turtles","[step]","corridor-width","mean [elevation] of turtles","[step]","corridor-width","mean [elevation] of turtles","[step]","corridor-width","mean [elevation] of turtles","[step]","corridor-width","mean [elevation] of turtles","[step]","corridor-width","mean [elevation] of turtles","[step]","corridor-width","mean [elevation] of turtles","[step]","corridor-width","mean [elevation] of turtles","[step]","corridor-width","mean [elevation] of turtles","[step]","corridor-width","mean [elevation] of turtles","[step]","corridor-width","mean [elevation] of turtles","[step]","corridor-width","mean [elevation] of turtles","[step]","corridor-width","mean [elevation] of turtles","[step]","corridor-width","mean [elevation] of turtles","[step]","corridor-width","mean [elevation] of turtles","[step]","corridor-width","mean [elevation] of turtles","[step]","corridor-width","mean [elevation] of turtles","[step]","corridor-width","mean [elevation] of turtles","[step]","corridor-width","mean [elevation] of turtles","[step]","corridor-width","mean [elevation] of turtles","[step]","corridor-width","mean [elevation] of turtles","[step]","corridor-width","mean [elevation] of turtles","[step]","corridor-width","mean [elevation] of turtles","[step]","corridor-width","mean [elevation] of turtles","[step]","corridor-width","mean [elevation] of turtles","[step]","corridor-width","mean [elevation] of turtles","[step]","corridor-width","mean [elevation] of turtles","[step]","corridor-width","mean [elevation] of turtles","[step]","corridor-width","mean [elevation] of turtles","[step]","corridor-width","mean [elevation] of turtles","[step]","corridor-width","mean [elevation] of turtles","[step]","corridor-width","mean [elevation] of turtles","[step]","corridor-width","mean [elevation] of turtles","[step]","corridor-width","mean [elevation] of turtles","[step]","corridor-width","mean [elevation] of turtles","[step]","corridor-width","mean [elevation] of turtles","[step]","corridor-width","mean [elevation] of turtles","[step]","corridor-width","mean [elevation] of turtles","[step]","corridor-width","mean [elevation] of turtles","[step]","corridor-width","mean [elevation] of turtles","[step]","corridor-width","mean [elevation] of turtles","[step]","corridor-width","mean [elevation] of turtles","[step]","corridor-width","mean [elevation] of turtles","[step]","corridor-width","mean [elevation] of turtles","[step]","corridor-width","mean [elevation] of turtles","[step]","corridor-width","mean [elevation] of turtles","[step]","corridor-width","mean [elevation] of turtles","[step]","corridor-width","mean [elevation] of turtles","[step]","corridor-width","mean [elevation] of turtles","[step]","corridor-width","mean [elevation] of turtles","[step]","corridor-width","mean [elevation] of turtles","[step]","corridor-width","mean [elevation] of turtles","[step]","corridor-width","mean [elevation] of turtles","[step]","corridor-width","mean [elevation] of turtles","[step]","corridor-width","mean [elevation] of turtles","[step]","corridor-width","mean [elevation] of turtles","[step]","corridor-width","mean [elevation] of turtles","[step]","corridor-width","mean [elevation] of turtles","[step]","corridor-width","mean [elevation] of turtles","[step]","corridor-width","mean [elevation] of turtles","[step]","corridor-width","mean [elevation] of turtles","[step]","corridor-width","mean [elevation] of turtles","[step]","corridor-width","mean [elevation] of turtles"
,"999","439.31268067985854","168.61208663543215","999","439.9752929361105","166.1787321301069","999","438.16050193599705","165.02764341365187","999","436.69447575310164","162.21319351579763","999","442.85878909955574","164.88339181514456","999","447.09633195146387","169.27901773209325","999","414.2908143827632","171.5752472440705","999","438.22274416515","161.84673342273004","999","426.7371858191956","168.3710327481231","999","428.4592301758775","166.63322840796536","999","426.7276505274538","162.14397314188983","999","438.83222856624315","164.38361243092757","999","463.101281998577","154.2873176114486","999","429.07560778910613","168.94549383804312","999","444.172700640062","171.62744968968974","999","465.6205737732682","156.18102609931648","999","442.6378410483417","165.25544087658895","999","434.37817949379394","159.7953730516675","999","463.28834115605986","154.60121684762547","999","435.8109721195672","165.33421385029465","999","303.72879775412343","492.78239999999965","999","298.9238854297303","493.17540000000037","999","286.02590958377084","491.05379999999957","999","297.7666682262582","491.2452000000004","999","281.53412995283406","492.2691999999999","999","289.81649552991155","492.0416000000001","999","276.2615274827279","489.9884000000001","999","278.6016586596807","491.32120000000043","999","286.21748058298317","492.8521999999998","999","307.89947818659573","492.5006000000001","999","292.79076818286933","491.7861999999998","999","297.0146178209241","494.64419999999956","999","295.42868630209637","491.74580000000003","999","299.63157431567214","492.2461999999997","999","297.43378864354554","492.54060000000015","999","284.91521451579393","489.21659999999986","999","286.15866279477086","491.25679999999977","999","306.1660710127915","492.71320000000014","999","303.3577491936306","490.0930000000002","999","316.83319284182363","489.9604","999","154.52026780183155","397.16567749709","999","153.69822528062454","396.82578097828645","999","154.94367613937837","397.0434208985788","999","159.237617291567","396.72954033033113","999","154.90673360352105","396.7921241287278","999","156.07790558580754","396.60084197257686","999","154.5918924396515","396.8757166332176","999","155.78101742502682","396.7879410679783","999","159.48025129114782","396.7559830515613","999","154.44017071415774","396.7336720705677","999","157.0595053924151","397.14159457622577","999","158.85250710065037","396.88091049996575","999","154.4941800827914","396.8703240167863","999","156.37039746011928","396.4246786057647","999","156.92870255983604","396.79113400944647","999","158.03897743100933","396.43592211825387","999","155.29181551446047","396.6737180419335","999","154.48062283902073","396.44339004924257","999","153.92853715426457","396.7172374928266","999","152.89559667347416","396.55513675469035","999","128.28700886133734","605.1403999999993","999","123.38809269882591","601.4391999999997","999","120.66510727570926","600.6448000000004","999","126.43685227629031","600.1902000000001","999","122.50747002091722","601.5247999999997","999","132.72057292319377","600.7754","999","133.30773258468196","602.8163999999999","999","117.53676183160884","602.4589999999998","999","127.0461113329367","603.4911999999997","999","122.32385987808168","599.7552000000001","999","129.7553163361607","602.4316000000003","999","113.09985386356963","600.113","999","122.81820869583245","602.9410000000001","999","134.6455871710633","600.9200000000001","999","124.35577877620052","598.5022000000001","999","127.14034799487486","598.9987999999998","999","129.85912328648263","600.3151999999998","999","128.4633180883168","600.5826","999","122.77955291244777","600.4139999999999","999","125.12020798159237","599.1071999999999","999","100.57838882359184","399.28313307929045","999","98.77289240843422","399.2462045564409","999","93.80565654779853","399.1579968971729","999","95.74813579450903","399.2192848126152","999","99.48131348666084","399.212844566291","999","100.05044547739138","399.2277573823836","999","100.45243708695227","399.23529900914315","999","100.44765583501835","399.1131056524539","999","100.18681212377413","399.1365471624707","999","98.44690953573287","399.14119250491126","999","98.3219311626507","399.25703084527237","999","101.70062095494973","399.1091043349553","999","97.51951063771787","399.19065949786284","999","98.72709050182675","399.20314854663496","999","99.25271499293935","399.18304154277627","999","100.60640400584067","399.1968899531628","999","100.37305481412855","399.2427210234619","999","99.5966926669328","399.1369779774673","999","98.75105164294503","399.0619717991948","999","95.94222399942082","399.1732770011586","999","58.41518398970026","605.8736000000001","999","60.142373632363196","601.8397999999996","999","61.52998681952775","603.9781999999998","999","60.32395717657865","602.4476","999","59.33060954881019","601.5999999999998","999","58.81083055936201","602.7446000000003","999","62.7453427037999","602.8898000000002","999","60.49988807641737","604.4657999999994","999","61.74289277289441","604.732","999","61.23220112192965","602.9884000000001","999","62.66311623946402","604.5928","999","59.03224806297441","603.609","999","59.29769695642153","603.5921999999996","999","58.68458027959385","603.9446","999","57.24291879323175","604.7387999999997","999","66.16634772143047","602.2091999999997","999","61.82523505710666","601.6101999999998","999","62.117974041583956","601.2097999999994","999","55.38031640969036","602.7578","999","59.657742274864574","603.3975999999996","999","71.26786060486401","399.648893420939","999","72.26164263974226","399.61586285165725","999","71.14227432689691","399.6279249240055","999","73.39960993745906","399.65324053512234","999","72.10582935994256","399.6639241619203","999","71.46166117524773","399.65565929693867","999","72.21726149356871","399.674921104002","999","72.3975258734332","399.6736874943522","999","72.1974035198382","399.7143870967179","999","68.5310494198063","399.696700407458","999","70.95182000589581","399.6894543087255","999","70.56198322853","399.6690007022534","999","69.90577958373326","399.6983163728175","999","68.66659543058093","399.6354992544447","999","73.23037502758551","399.6706990241783","999","65.78505370315644","399.68390428739576","999","73.10545725812986","399.63112715003507","999","70.66791977546971","399.6839626809281","999","73.60693135744779","399.64442266244424","999","70.15204992486883","399.675273464748","999","32.65252759909266","597.8033999999994","999","30.45595064276846","598.3826000000004","999","32.48075606866701","599.4600000000004","999","35.02274566815326","599.9943999999997","999","34.21595293998502","597.1483999999997","999","35.258364366288326","596.4479999999996","999","32.50853611263412","594.6703999999995","999","32.64619528669752","598.4912","999","33.434692392724614","597.6758","999","31.854626845670467","599.7729999999999","999","30.965969953484468","597.3363999999996","999","32.26216236562374","598.3327999999997","999","32.22158579736639","600.2554","999","32.95191685230507","599.7831999999997","999","33.04190041028263","598.7438","999","33.91196830947451","598.6365999999995","999","32.97368538027569","600.6976","999","34.01170307898576","596.1907999999997","999","32.03491951173254","598.6528000000006","999","30.189850534048503","598.7966000000002","999","49.53295420378508","399.8404597661186","999","51.174012852176915","399.84890849389535","999","50.941261953760176","399.86854508929133","999","50.37776670403029","399.8552847828693","999","50.70520400153848","399.8535904649824","999","51.141233449685224","399.8590382864433","999","51.35274327880601","399.8679081959823","999","48.83773971226057","399.8496345461937","999","50.78243485397874","399.8543174530189","999","49.554076583086754","399.838079412609","999","49.47413921726413","399.8556264860459","999","50.61810048885744","399.8404709616892","999","52.390315823556264","399.8596717035115","999","51.477360681021544","399.8598848930019","999","51.648576818474616","399.87336476355966","999","52.384458757751545","399.8355839602501","999","50.03356186597596","399.83954127668926","999","51.732296792344286","399.84757436551894","999","50.69312002223769","399.85385420465195","999","49.82055033136802","399.8604052723461","999","22.97932798663933","564.3586","999","22.90883754946439","561.3788","999","22.44509868883131","562.5676","999","22.80697739172734","562.9751999999997","999","23.4638971602545","564.1750000000001","999","23.239734927130694","561.2695999999999","999","23.267030663862073","561.6763999999997","999","22.16139869688492","561.3435999999998","999","22.654561535905255","561.65","999","22.941783183726088","561.4072","999","22.912784715912643","565.3498","999","22.924826938245772","562.6338000000003","999","22.488952278813116","561.6345999999998","999","22.15194959504146","559.2689999999999","999","22.362524678849443","562.8902","999","23.507065879492497","560.6846","999","22.113336338992504","564.2929999999999","999","21.685106658001096","562.6958000000002","999","22.131742535322502","562.8312","999","23.65821352113629","560.1547999999999","999","25.869972095677937","399.9422183107152","999","25.862647309260705","399.9423206517755","999","25.889573658169198","399.9436169718774","999","25.868486078060705","399.94228653808887","999","25.941039578774166","399.9426617886446","999","25.898236195829366","399.94259356127105","999","25.863821775793177","399.94290058445296","999","25.895509654125203","399.94290058445273","999","25.882865635436104","399.94303703920053","999","25.861551319798544","399.94208185596796","999","25.819867280477027","399.941740719099","999","25.887721803148235","399.9423888791498","999","25.897659088504646","399.9435146308174","999","25.91803181585741","399.9425594475844","999","25.867521983222357","399.9435828581909","999","25.84787615622489","399.9433099486956","999","25.85155068284647","399.9424229928367","999","25.8703995396413","399.94249122021046","999","25.895464870917156","399.9421159696547","999","25.892210428531342","399.94249122021057","999","9.11717436376312","508.63200000000063","999","8.763440627199737","509.84520000000055","999","8.815765761238865","509.8656000000007","999","8.918669300615743","509.46040000000073","999","8.830225012727658","510.0056000000005","999","8.653206922200086","510.68560000000065","999","8.75873906385931","510.5228000000007","999","8.812801122988411","509.8572000000006","999","8.843812170934685","510.1164000000007","999","8.968824225356576","509.4568000000006","999","8.923189706568472","509.6268000000007","999","8.850020320434158","510.18640000000073","999","8.404123050090437","510.9256000000006","999","8.827924160500503","509.77760000000063","999","8.770353250347581","510.0044000000005","999","8.646448094274053","510.10680000000065","999","9.48037324020082","507.5516000000006","999","8.93498440843225","509.2844000000007","999","9.162909660772455","508.7152000000006","999","9.039136253672222","509.11920000000055"
